GAS LISTING /tmp/ccKyAMg2.s 			page 1


   1              		.file	"MemoryAllocator.cpp"
   2              		.option pic
   3              		.option norelax
   4              		.text
   5              	.Ltext0:
   6              		.section	.rodata.str1.8,"aMS",@progbits,1
   7              		.align	3
   8              	.LC0:
   9 0000 0A4F5554 		.string	"\nOUTSIDE1\n"
   9      53494445 
   9      310A00
  10 000b 00000000 		.align	3
  10      00
  11              	.LC1:
  12 0010 0A4F5554 		.string	"\nOUTSIDE2\n"
  12      53494445 
  12      320A00
  13              		.text
  14              		.align	2
  15              		.globl	_ZN15MemoryAllocator9mem_allocEm
  17              	_ZN15MemoryAllocator9mem_allocEm:
  18              	.LFB42:
  19              		.file 1 "src/MemoryAllocator.cpp"
   1:src/MemoryAllocator.cpp **** //
   2:src/MemoryAllocator.cpp **** // Created by os on 8/10/25.
   3:src/MemoryAllocator.cpp **** //
   4:src/MemoryAllocator.cpp **** 
   5:src/MemoryAllocator.cpp **** #include "../h/MemoryAllocator.h"
   6:src/MemoryAllocator.cpp **** #include "../lib/console.h"
   7:src/MemoryAllocator.cpp **** #include "printing.hpp"
   8:src/MemoryAllocator.cpp **** 
   9:src/MemoryAllocator.cpp **** mem_header* MemoryAllocator::free_mem_head = nullptr;
  10:src/MemoryAllocator.cpp **** mem_header* MemoryAllocator::used_mem_head = nullptr;
  11:src/MemoryAllocator.cpp **** 
  12:src/MemoryAllocator.cpp **** 
  13:src/MemoryAllocator.cpp **** //QUARANTINE---------------------------------------------------------------------------------------
  14:src/MemoryAllocator.cpp **** 
  15:src/MemoryAllocator.cpp **** 
  16:src/MemoryAllocator.cpp **** void* MemoryAllocator::mem_alloc(size_t size) {
  20              		.loc 1 16 47
  21              		.cfi_startproc
  22              	.LVL0:
  23 0000 130101FD 		addi	sp,sp,-48
  24              		.cfi_def_cfa_offset 48
  25 0004 23341102 		sd	ra,40(sp)
  26 0008 23308102 		sd	s0,32(sp)
  27 000c 233C9100 		sd	s1,24(sp)
  28 0010 23382101 		sd	s2,16(sp)
  29 0014 23343101 		sd	s3,8(sp)
  30 0018 23304101 		sd	s4,0(sp)
  31              		.cfi_offset 1, -8
  32              		.cfi_offset 8, -16
  33              		.cfi_offset 9, -24
  34              		.cfi_offset 18, -32
  35              		.cfi_offset 19, -40
  36              		.cfi_offset 20, -48
  37 001c 13040103 		addi	s0,sp,48
GAS LISTING /tmp/ccKyAMg2.s 			page 2


  38              		.cfi_def_cfa 8, 0
  17:src/MemoryAllocator.cpp ****     if(size <= 0) return nullptr;
  39              		.loc 1 17 5
  40 0020 6300052C 		beqz	a0,.L37
  41 0024 93090500 		mv	s3,a0
  18:src/MemoryAllocator.cpp ****     //size outside of heap and all that------------------------------------------------------------
  19:src/MemoryAllocator.cpp ****     size_t new_size;
  42              		.loc 1 19 5
  20:src/MemoryAllocator.cpp ****     if(size%MEM_BLOCK_SIZE != 0){
  43              		.loc 1 20 5
  44              		.loc 1 20 12 is_stmt 0
  45 0028 9377F503 		andi	a5,a0,63
  46              		.loc 1 20 5
  47 002c 638E0700 		beqz	a5,.L3
  21:src/MemoryAllocator.cpp ****         //RUN A LOOP SUBTRACTING FROM 64 UNTIL YOU GET A POSITIVE, THEN ADD THAT POSITIVE TO SIZE A
  22:src/MemoryAllocator.cpp ****        	if((uint64)size < MEM_BLOCK_SIZE) new_size = size + (MEM_BLOCK_SIZE - size);
  48              		.loc 1 22 9 is_stmt 1
  49 0030 9307F003 		li	a5,63
  50 0034 63F8A700 		bleu	a0,a5,.L38
  23:src/MemoryAllocator.cpp **** 		else
  24:src/MemoryAllocator.cpp ****         {
  25:src/MemoryAllocator.cpp ****             new_size = (size - (size%MEM_BLOCK_SIZE)) + MEM_BLOCK_SIZE;
  51              		.loc 1 25 13
  52              		.loc 1 25 30 is_stmt 0
  53 0038 937905FC 		andi	s3,a0,-64
  54              		.loc 1 25 22
  55 003c 93890904 		addi	s3,s3,64
  56              	.LVL1:
  57 0040 6F008000 		j	.L3
  58              	.LVL2:
  59              	.L38:
  22:src/MemoryAllocator.cpp **** 		else
  60              		.loc 1 22 52
  61 0044 93090004 		li	s3,64
  62              	.L3:
  63              	.LVL3:
  26:src/MemoryAllocator.cpp ****         }
  27:src/MemoryAllocator.cpp ****     }else{
  28:src/MemoryAllocator.cpp ****         new_size = size;
  29:src/MemoryAllocator.cpp ****     }
  30:src/MemoryAllocator.cpp **** 	/*printString("\nSIZE MEM: ");
  31:src/MemoryAllocator.cpp **** 	printInt((uint64)size);
  32:src/MemoryAllocator.cpp **** 	printString("\nSIZE NEW_MEM: ");
  33:src/MemoryAllocator.cpp **** 	printInt((uint64)new_size);
  34:src/MemoryAllocator.cpp ****     __putc('\n');
  35:src/MemoryAllocator.cpp ****     __putc('\n');*/
  36:src/MemoryAllocator.cpp ****     //UP UNTIL HERE CALCULATION OF SIZE SHOULD BE CORRECT, HEAP AND FREE MEM HEAD START OFF CORRECT
  37:src/MemoryAllocator.cpp **** 	    for(auto curr = free_mem_head; curr != nullptr; curr = curr->next){
  64              		.loc 1 37 6 is_stmt 1
  65              	.LBB2:
  66              		.loc 1 37 15 is_stmt 0
  67 0048 97040000 		ld	s1,.LANCHOR0
  67      83B40400 
  68              	.LVL4:
  69 0050 6F004002 		j	.L36
  70              	.LVL5:
  71              	.L46:
GAS LISTING /tmp/ccKyAMg2.s 			page 3


  72              	.LBB3:
  38:src/MemoryAllocator.cpp **** 		//dont need to check for size + header, since header not included in the used space. sizeof remov
  39:src/MemoryAllocator.cpp **** 		//never mind, need a used list for tracking the size of the used blocks
  40:src/MemoryAllocator.cpp **** 		if( ( ( (uint64) curr )  + sizeof(mem_header) + new_size) >= (uint64)HEAP_END_ADDR )
  41:src/MemoryAllocator.cpp **** 		{
  42:src/MemoryAllocator.cpp **** 			printString("\nOUTSIDE1\n");
  73              		.loc 1 42 4 is_stmt 1
  74              		.loc 1 42 15 is_stmt 0
  75 0054 17050000 		lla	a0,.LC0
  75      13050500 
  76 005c 97000000 		call	_Z11printStringPKc@plt
  76      E7800000 
  77              	.LVL6:
  78              	.L5:
  43:src/MemoryAllocator.cpp **** 		}else if(( ( (uint64) curr )  + sizeof(mem_header) + new_size) <= (uint64)HEAP_START_ADDR)
  44:src/MemoryAllocator.cpp **** 		{
  45:src/MemoryAllocator.cpp **** 			printString("\nOUTSIDE2\n");
  46:src/MemoryAllocator.cpp **** 		}
  47:src/MemoryAllocator.cpp **** 
  48:src/MemoryAllocator.cpp ****         if((uint64)curr->size > (uint64)new_size ) //DOES IT ACCOUNT FOR MEM_HEADER HERE? NO, ITS A
  79              		.loc 1 48 9 is_stmt 1
  80              	.LBB4:
  81              		.loc 1 48 26 is_stmt 0
  82 0064 83B70401 		ld	a5,16(s1)
  83              		.loc 1 48 9
  84 0068 63E8F904 		bgtu	a5,s3,.L44
  85              	.LBE4:
  86              	.LBE3:
  87              	.LBE2:
  49:src/MemoryAllocator.cpp **** 		{
  50:src/MemoryAllocator.cpp ****             //return the address that curr is pointing to, but detach its next and prev pointers so
  51:src/MemoryAllocator.cpp ****             //if it has a prev and next, reattach those so that they point to each other instead of
  52:src/MemoryAllocator.cpp ****             //create a next and prev if those are nu
  53:src/MemoryAllocator.cpp **** 			//adjust free and used mem heads
  54:src/MemoryAllocator.cpp **** 			mem_header* new_free = (mem_header*) ( ( (uint64) curr )  + sizeof(mem_header) + new_size);
  55:src/MemoryAllocator.cpp ****             mem_header* new_used = (mem_header*)curr;
  56:src/MemoryAllocator.cpp **** 			//if no prev and next
  57:src/MemoryAllocator.cpp **** 			if(curr->prev)
  58:src/MemoryAllocator.cpp ****  			{
  59:src/MemoryAllocator.cpp **** 				curr->prev->next = new_free;
  60:src/MemoryAllocator.cpp **** 			}
  61:src/MemoryAllocator.cpp **** 			else
  62:src/MemoryAllocator.cpp **** 			{
  63:src/MemoryAllocator.cpp **** 				free_mem_head = new_free;
  64:src/MemoryAllocator.cpp **** 			 }
  65:src/MemoryAllocator.cpp **** 
  66:src/MemoryAllocator.cpp **** 			if(curr->next)curr->next->prev = new_free;
  67:src/MemoryAllocator.cpp **** 
  68:src/MemoryAllocator.cpp **** 			new_free->prev = curr->prev;
  69:src/MemoryAllocator.cpp ****             //here is where it sends out---------------------------------------
  70:src/MemoryAllocator.cpp **** 			new_free->next = curr->next;
  71:src/MemoryAllocator.cpp **** 			new_free->size = curr->size - new_size - sizeof(mem_header);
  72:src/MemoryAllocator.cpp **** 
  73:src/MemoryAllocator.cpp ****             //iterate through used until you find the previous one and link it to this
  74:src/MemoryAllocator.cpp **** 
  75:src/MemoryAllocator.cpp ****             auto used = used_mem_head;
  76:src/MemoryAllocator.cpp **** 			if(used_mem_head != nullptr)
GAS LISTING /tmp/ccKyAMg2.s 			page 4


  77:src/MemoryAllocator.cpp **** 			{
  78:src/MemoryAllocator.cpp ****             	for(; ( (uint64)used < (uint64)curr ) && used->next; used = used->next){}
  79:src/MemoryAllocator.cpp ****                 //test here - are we getting what we want out of used? -------------------
  80:src/MemoryAllocator.cpp ****                 //should i add a && ((int64)used->next < (int64) curr)?
  81:src/MemoryAllocator.cpp ****                 /*printString("\nUSED LOCATION: ");
  82:src/MemoryAllocator.cpp ****                 printInt((uint64)used);
  83:src/MemoryAllocator.cpp ****                 printString("\nUSED NEXT LOCATION: ");
  84:src/MemoryAllocator.cpp ****                 printInt((uint64)used->next);
  85:src/MemoryAllocator.cpp ****                 printString("\nCURR LOCATION: ");
  86:src/MemoryAllocator.cpp ****                 printInt((uint64)curr);*/
  87:src/MemoryAllocator.cpp **** 
  88:src/MemoryAllocator.cpp **** 			}
  89:src/MemoryAllocator.cpp **** 			if( (uint64)used < (uint64)new_used || used == nullptr)
  90:src/MemoryAllocator.cpp **** 			{
  91:src/MemoryAllocator.cpp **** 				new_used->prev = used;
  92:src/MemoryAllocator.cpp **** 				if(used)
  93:src/MemoryAllocator.cpp **** 				{
  94:src/MemoryAllocator.cpp ****                     //printString("\nENTERING CORRECTLY 1.3?\n");//TEST TO SEE IF NEED TO CHECK IF 
  95:src/MemoryAllocator.cpp **** 					new_used->next = used->next;
  96:src/MemoryAllocator.cpp **** 					if(used->next)used->next->prev = new_used;
  97:src/MemoryAllocator.cpp **** 					used->next = new_used;
  98:src/MemoryAllocator.cpp ****                     new_used->prev = used;//DUPLICATE----------------------------------------------
  99:src/MemoryAllocator.cpp **** 				}
 100:src/MemoryAllocator.cpp ****             	else
 101:src/MemoryAllocator.cpp **** 				{
 102:src/MemoryAllocator.cpp **** 					if(used_mem_head != nullptr) new_used->next = used_mem_head;
 103:src/MemoryAllocator.cpp **** 					else new_used->next = nullptr;
 104:src/MemoryAllocator.cpp **** 					used_mem_head = new_used;
 105:src/MemoryAllocator.cpp **** 					new_used->prev = nullptr;//DUPLICATE----------------------------------------------------------
 106:src/MemoryAllocator.cpp **** 				}
 107:src/MemoryAllocator.cpp **** 			}else if ( (uint64)used > (uint64)new_used )
 108:src/MemoryAllocator.cpp **** 			{
 109:src/MemoryAllocator.cpp ****                 //printString("Entering here when it shouldnt?");//TEST--------------------------
 110:src/MemoryAllocator.cpp **** 				if(used->prev)
 111:src/MemoryAllocator.cpp **** 				{
 112:src/MemoryAllocator.cpp **** 					used->prev->next = new_used;
 113:src/MemoryAllocator.cpp **** 					new_used->prev = used->prev;
 114:src/MemoryAllocator.cpp **** 				}
 115:src/MemoryAllocator.cpp **** 				else
 116:src/MemoryAllocator.cpp ****                 {
 117:src/MemoryAllocator.cpp ****                     used_mem_head = new_used;
 118:src/MemoryAllocator.cpp ****                     new_used->prev = nullptr;
 119:src/MemoryAllocator.cpp ****                 }
 120:src/MemoryAllocator.cpp **** 				used->prev = new_used;
 121:src/MemoryAllocator.cpp **** 				new_used->next = used;
 122:src/MemoryAllocator.cpp **** 			}
 123:src/MemoryAllocator.cpp **** 			new_used->size = new_size;
 124:src/MemoryAllocator.cpp **** 
 125:src/MemoryAllocator.cpp ****             return (void*)( (uint64)curr + sizeof(mem_header) );
 126:src/MemoryAllocator.cpp **** 		}else if((uint64)curr->size == (uint64)new_size )
  88              		.loc 1 126 9 is_stmt 1
  89              	.LBB16:
  90              	.LBB13:
  91              	.LBB10:
  92              	.LBB5:
  93 006c 63823717 		beq	a5,s3,.L45
  94              	.LBE5:
GAS LISTING /tmp/ccKyAMg2.s 			page 5


  95              	.LBE10:
  96              	.LBE13:
  37:src/MemoryAllocator.cpp **** 		//dont need to check for size + header, since header not included in the used space. sizeof remov
  97              		.loc 1 37 6 discriminator 2
  37:src/MemoryAllocator.cpp **** 		//dont need to check for size + header, since header not included in the used space. sizeof remov
  98              		.loc 1 37 59 is_stmt 0 discriminator 2
  99 0070 83B40400 		ld	s1,0(s1)
 100              	.LVL7:
 101              	.L36:
  37:src/MemoryAllocator.cpp **** 		//dont need to check for size + header, since header not included in the used space. sizeof remov
 102              		.loc 1 37 42 is_stmt 1 discriminator 1
 103 0074 63840410 		beqz	s1,.L1
 104              	.LBB14:
  40:src/MemoryAllocator.cpp **** 		{
 105              		.loc 1 40 3
  40:src/MemoryAllocator.cpp **** 		{
 106              		.loc 1 40 49 is_stmt 0
 107 0078 138A0400 		mv	s4,s1
 108 007c 33893401 		add	s2,s1,s3
 109 0080 13098901 		addi	s2,s2,24
  40:src/MemoryAllocator.cpp **** 		{
 110              		.loc 1 40 61
 111 0084 97070000 		la	a5,HEAP_END_ADDR
 111      83B70700 
 112 008c 83B70700 		ld	a5,0(a5)
  40:src/MemoryAllocator.cpp **** 		{
 113              		.loc 1 40 3
 114 0090 E372F9FC 		bgeu	s2,a5,.L46
  43:src/MemoryAllocator.cpp **** 		{
 115              		.loc 1 43 9 is_stmt 1
  43:src/MemoryAllocator.cpp **** 		{
 116              		.loc 1 43 66 is_stmt 0
 117 0094 97070000 		la	a5,HEAP_START_ADDR
 117      83B70700 
 118 009c 83B70700 		ld	a5,0(a5)
  43:src/MemoryAllocator.cpp **** 		{
 119              		.loc 1 43 9
 120 00a0 E3E227FD 		bgtu	s2,a5,.L5
  45:src/MemoryAllocator.cpp **** 		}
 121              		.loc 1 45 4 is_stmt 1
  45:src/MemoryAllocator.cpp **** 		}
 122              		.loc 1 45 15 is_stmt 0
 123 00a4 17050000 		lla	a0,.LC1
 123      13050500 
 124 00ac 97000000 		call	_Z11printStringPKc@plt
 124      E7800000 
 125              	.LVL8:
 126 00b4 6FF01FFB 		j	.L5
 127              	.L44:
 128              	.LBB11:
 129              	.LBB7:
  54:src/MemoryAllocator.cpp ****             mem_header* new_used = (mem_header*)curr;
 130              		.loc 1 54 4 is_stmt 1
 131              	.LVL9:
  55:src/MemoryAllocator.cpp **** 			//if no prev and next
 132              		.loc 1 55 13
  57:src/MemoryAllocator.cpp ****  			{
GAS LISTING /tmp/ccKyAMg2.s 			page 6


 133              		.loc 1 57 4
  57:src/MemoryAllocator.cpp ****  			{
 134              		.loc 1 57 13 is_stmt 0
 135 00b8 83B78400 		ld	a5,8(s1)
  57:src/MemoryAllocator.cpp ****  			{
 136              		.loc 1 57 4
 137 00bc 63840704 		beqz	a5,.L7
  59:src/MemoryAllocator.cpp **** 			}
 138              		.loc 1 59 5 is_stmt 1
  59:src/MemoryAllocator.cpp **** 			}
 139              		.loc 1 59 22 is_stmt 0
 140 00c0 23B02701 		sd	s2,0(a5)
 141              	.L8:
  66:src/MemoryAllocator.cpp **** 
 142              		.loc 1 66 4 is_stmt 1
  66:src/MemoryAllocator.cpp **** 
 143              		.loc 1 66 13 is_stmt 0
 144 00c4 83B70400 		ld	a5,0(s1)
  66:src/MemoryAllocator.cpp **** 
 145              		.loc 1 66 4
 146 00c8 63840700 		beqz	a5,.L9
  66:src/MemoryAllocator.cpp **** 
 147              		.loc 1 66 18 is_stmt 1 discriminator 1
  66:src/MemoryAllocator.cpp **** 
 148              		.loc 1 66 35 is_stmt 0 discriminator 1
 149 00cc 23B42701 		sd	s2,8(a5)
 150              	.L9:
  68:src/MemoryAllocator.cpp ****             //here is where it sends out---------------------------------------
 151              		.loc 1 68 4 is_stmt 1
  68:src/MemoryAllocator.cpp ****             //here is where it sends out---------------------------------------
 152              		.loc 1 68 27 is_stmt 0
 153 00d0 83B78400 		ld	a5,8(s1)
  68:src/MemoryAllocator.cpp ****             //here is where it sends out---------------------------------------
 154              		.loc 1 68 19
 155 00d4 2334F900 		sd	a5,8(s2)
  70:src/MemoryAllocator.cpp **** 			new_free->size = curr->size - new_size - sizeof(mem_header);
 156              		.loc 1 70 4 is_stmt 1
  70:src/MemoryAllocator.cpp **** 			new_free->size = curr->size - new_size - sizeof(mem_header);
 157              		.loc 1 70 27 is_stmt 0
 158 00d8 83B70400 		ld	a5,0(s1)
  70:src/MemoryAllocator.cpp **** 			new_free->size = curr->size - new_size - sizeof(mem_header);
 159              		.loc 1 70 19
 160 00dc 2330F900 		sd	a5,0(s2)
  71:src/MemoryAllocator.cpp **** 
 161              		.loc 1 71 4 is_stmt 1
  71:src/MemoryAllocator.cpp **** 
 162              		.loc 1 71 27 is_stmt 0
 163 00e0 83B70401 		ld	a5,16(s1)
  71:src/MemoryAllocator.cpp **** 
 164              		.loc 1 71 32
 165 00e4 B3873741 		sub	a5,a5,s3
  71:src/MemoryAllocator.cpp **** 
 166              		.loc 1 71 43
 167 00e8 938787FE 		addi	a5,a5,-24
  71:src/MemoryAllocator.cpp **** 
 168              		.loc 1 71 19
 169 00ec 2338F900 		sd	a5,16(s2)
GAS LISTING /tmp/ccKyAMg2.s 			page 7


  75:src/MemoryAllocator.cpp **** 			if(used_mem_head != nullptr)
 170              		.loc 1 75 13 is_stmt 1
  75:src/MemoryAllocator.cpp **** 			if(used_mem_head != nullptr)
 171              		.loc 1 75 18 is_stmt 0
 172 00f0 97060000 		ld	a3,.LANCHOR0+8
 172      83B60600 
 173              	.LVL10:
  76:src/MemoryAllocator.cpp **** 			{
 174              		.loc 1 76 4 is_stmt 1
 175 00f8 638A0604 		beqz	a3,.L39
  75:src/MemoryAllocator.cpp **** 			if(used_mem_head != nullptr)
 176              		.loc 1 75 18 is_stmt 0
 177 00fc 93870600 		mv	a5,a3
 178 0100 6F004001 		j	.L11
 179              	.LVL11:
 180              	.L7:
  63:src/MemoryAllocator.cpp **** 			 }
 181              		.loc 1 63 5 is_stmt 1
  63:src/MemoryAllocator.cpp **** 			 }
 182              		.loc 1 63 19 is_stmt 0
 183 0104 97070000 		sd	s2,.LANCHOR0,a5
 183      23B02701 
 184 010c 6FF09FFB 		j	.L8
 185              	.LVL12:
 186              	.L40:
  78:src/MemoryAllocator.cpp ****                 //test here - are we getting what we want out of used? -------------------
 187              		.loc 1 78 72
 188 0110 93070700 		mv	a5,a4
 189              	.LVL13:
 190              	.L11:
  78:src/MemoryAllocator.cpp ****                 //test here - are we getting what we want out of used? -------------------
 191              		.loc 1 78 14 is_stmt 1 discriminator 3
  78:src/MemoryAllocator.cpp ****                 //test here - are we getting what we want out of used? -------------------
 192              		.loc 1 78 52 discriminator 3
 193 0114 63F64701 		bleu	s4,a5,.L10
  78:src/MemoryAllocator.cpp ****                 //test here - are we getting what we want out of used? -------------------
 194              		.loc 1 78 61 is_stmt 0 discriminator 1
 195 0118 03B70700 		ld	a4,0(a5)
  78:src/MemoryAllocator.cpp ****                 //test here - are we getting what we want out of used? -------------------
 196              		.loc 1 78 52 discriminator 1
 197 011c E31A07FE 		bnez	a4,.L40
 198              	.L10:
  89:src/MemoryAllocator.cpp **** 			{
 199              		.loc 1 89 4 is_stmt 1
 200 0120 63EA4703 		bgtu	s4,a5,.L12
  89:src/MemoryAllocator.cpp **** 			{
 201              		.loc 1 89 40 is_stmt 0 discriminator 1
 202 0124 63880702 		beqz	a5,.L12
 107:src/MemoryAllocator.cpp **** 			{
 203              		.loc 1 107 10 is_stmt 1
 204 0128 6376FA04 		bgeu	s4,a5,.L16
 110:src/MemoryAllocator.cpp **** 				{
 205              		.loc 1 110 5
 110:src/MemoryAllocator.cpp **** 				{
 206              		.loc 1 110 14 is_stmt 0
 207 012c 03B78700 		ld	a4,8(a5)
 110:src/MemoryAllocator.cpp **** 				{
GAS LISTING /tmp/ccKyAMg2.s 			page 8


 208              		.loc 1 110 5
 209 0130 63080708 		beqz	a4,.L19
 112:src/MemoryAllocator.cpp **** 					new_used->prev = used->prev;
 210              		.loc 1 112 6 is_stmt 1
 112:src/MemoryAllocator.cpp **** 					new_used->prev = used->prev;
 211              		.loc 1 112 23 is_stmt 0
 212 0134 23309700 		sd	s1,0(a4)
 113:src/MemoryAllocator.cpp **** 				}
 213              		.loc 1 113 6 is_stmt 1
 113:src/MemoryAllocator.cpp **** 				}
 214              		.loc 1 113 29 is_stmt 0
 215 0138 03B78700 		ld	a4,8(a5)
 113:src/MemoryAllocator.cpp **** 				}
 216              		.loc 1 113 21
 217 013c 23B4E400 		sd	a4,8(s1)
 218              	.L20:
 120:src/MemoryAllocator.cpp **** 				new_used->next = used;
 219              		.loc 1 120 5 is_stmt 1
 120:src/MemoryAllocator.cpp **** 				new_used->next = used;
 220              		.loc 1 120 16 is_stmt 0
 221 0140 23B49700 		sd	s1,8(a5)
 121:src/MemoryAllocator.cpp **** 			}
 222              		.loc 1 121 5 is_stmt 1
 121:src/MemoryAllocator.cpp **** 			}
 223              		.loc 1 121 20 is_stmt 0
 224 0144 23B0F400 		sd	a5,0(s1)
 225 0148 6F00C002 		j	.L16
 226              	.LVL14:
 227              	.L39:
  75:src/MemoryAllocator.cpp **** 			if(used_mem_head != nullptr)
 228              		.loc 1 75 18
 229 014c 93870600 		mv	a5,a3
 230 0150 6FF01FFD 		j	.L10
 231              	.LVL15:
 232              	.L12:
  91:src/MemoryAllocator.cpp **** 				if(used)
 233              		.loc 1 91 5 is_stmt 1
  91:src/MemoryAllocator.cpp **** 				if(used)
 234              		.loc 1 91 20 is_stmt 0
 235 0154 23B4F400 		sd	a5,8(s1)
  92:src/MemoryAllocator.cpp **** 				{
 236              		.loc 1 92 5 is_stmt 1
 237 0158 63840704 		beqz	a5,.L14
  95:src/MemoryAllocator.cpp **** 					if(used->next)used->next->prev = new_used;
 238              		.loc 1 95 6
  95:src/MemoryAllocator.cpp **** 					if(used->next)used->next->prev = new_used;
 239              		.loc 1 95 29 is_stmt 0
 240 015c 03B70700 		ld	a4,0(a5)
  95:src/MemoryAllocator.cpp **** 					if(used->next)used->next->prev = new_used;
 241              		.loc 1 95 21
 242 0160 23B0E400 		sd	a4,0(s1)
  96:src/MemoryAllocator.cpp **** 					used->next = new_used;
 243              		.loc 1 96 6 is_stmt 1
 244 0164 63040700 		beqz	a4,.L15
  96:src/MemoryAllocator.cpp **** 					used->next = new_used;
 245              		.loc 1 96 20 discriminator 1
  96:src/MemoryAllocator.cpp **** 					used->next = new_used;
GAS LISTING /tmp/ccKyAMg2.s 			page 9


 246              		.loc 1 96 37 is_stmt 0 discriminator 1
 247 0168 23349700 		sd	s1,8(a4)
 248              	.L15:
  97:src/MemoryAllocator.cpp ****                     new_used->prev = used;//DUPLICATE----------------------------------------------
 249              		.loc 1 97 6 is_stmt 1
  97:src/MemoryAllocator.cpp ****                     new_used->prev = used;//DUPLICATE----------------------------------------------
 250              		.loc 1 97 17 is_stmt 0
 251 016c 23B09700 		sd	s1,0(a5)
  98:src/MemoryAllocator.cpp **** 				}
 252              		.loc 1 98 21 is_stmt 1
  98:src/MemoryAllocator.cpp **** 				}
 253              		.loc 1 98 36 is_stmt 0
 254 0170 23B4F400 		sd	a5,8(s1)
 255              	.LVL16:
 256              	.L16:
 123:src/MemoryAllocator.cpp **** 
 257              		.loc 1 123 4 is_stmt 1
 123:src/MemoryAllocator.cpp **** 
 258              		.loc 1 123 19 is_stmt 0
 259 0174 23B83401 		sd	s3,16(s1)
 125:src/MemoryAllocator.cpp **** 		}else if((uint64)curr->size == (uint64)new_size )
 260              		.loc 1 125 13 is_stmt 1
 125:src/MemoryAllocator.cpp **** 		}else if((uint64)curr->size == (uint64)new_size )
 261              		.loc 1 125 42 is_stmt 0
 262 0178 93048A01 		addi	s1,s4,24
 263              	.LVL17:
 264              	.L1:
 265              	.LBE7:
 266              	.LBE11:
 267              	.LBE14:
 268              	.LBE16:
 127:src/MemoryAllocator.cpp **** 		{
 128:src/MemoryAllocator.cpp ****             //printString("\nEver?\n");
 129:src/MemoryAllocator.cpp **** 			//if exact samee size, only need to close the curr mem block pointing to
 130:src/MemoryAllocator.cpp **** 			// reshuffle used mem head here, and free mem
 131:src/MemoryAllocator.cpp **** 
 132:src/MemoryAllocator.cpp **** 			if(curr->prev) curr->prev->next = curr->next;
 133:src/MemoryAllocator.cpp **** 			if(curr->next)
 134:src/MemoryAllocator.cpp **** 			{
 135:src/MemoryAllocator.cpp **** 				curr->next->prev = curr->prev;
 136:src/MemoryAllocator.cpp **** 				if(curr->prev == nullptr) free_mem_head = curr->next;
 137:src/MemoryAllocator.cpp **** 			}
 138:src/MemoryAllocator.cpp **** 			curr->next = curr->prev = nullptr;
 139:src/MemoryAllocator.cpp ****             if( ( (uint64)curr + sizeof(mem_header) + (uint64)new_size >= (uint64)HEAP_END_ADDR ) &
 140:src/MemoryAllocator.cpp **** 
 141:src/MemoryAllocator.cpp ****             mem_header* new_used = (mem_header*)curr;
 142:src/MemoryAllocator.cpp **** 
 143:src/MemoryAllocator.cpp ****             //iterate through used until you find the previous one and link it to this
 144:src/MemoryAllocator.cpp ****             auto used = used_mem_head;
 145:src/MemoryAllocator.cpp **** 			if(used_mem_head != nullptr)
 146:src/MemoryAllocator.cpp **** 			{
 147:src/MemoryAllocator.cpp ****             	for(; ( (uint64)used < (uint64)curr ) && used->next; used = used->next){}
 148:src/MemoryAllocator.cpp **** 			}
 149:src/MemoryAllocator.cpp **** 			if( (uint64)used < (uint64)new_used || used == nullptr)
 150:src/MemoryAllocator.cpp **** 			{
 151:src/MemoryAllocator.cpp **** 				new_used->prev = used;
 152:src/MemoryAllocator.cpp **** 				if(used)
GAS LISTING /tmp/ccKyAMg2.s 			page 10


 153:src/MemoryAllocator.cpp **** 				{
 154:src/MemoryAllocator.cpp **** 					new_used->next = used->next;
 155:src/MemoryAllocator.cpp **** 					if(used->next)used->next->prev = new_used;
 156:src/MemoryAllocator.cpp **** 					used->next = new_used;
 157:src/MemoryAllocator.cpp ****                     new_used->prev = used;
 158:src/MemoryAllocator.cpp **** 				}
 159:src/MemoryAllocator.cpp ****             	else
 160:src/MemoryAllocator.cpp **** 				{
 161:src/MemoryAllocator.cpp **** 					if(used_mem_head != nullptr) new_used->next = used_mem_head;
 162:src/MemoryAllocator.cpp **** 					else new_used->next = nullptr;
 163:src/MemoryAllocator.cpp **** 					used_mem_head = new_used;
 164:src/MemoryAllocator.cpp **** 					new_used->prev = nullptr;
 165:src/MemoryAllocator.cpp **** 				}
 166:src/MemoryAllocator.cpp **** 			}else if ( (uint64)used > (uint64)new_used)
 167:src/MemoryAllocator.cpp **** 			{
 168:src/MemoryAllocator.cpp **** 				if(used->prev)
 169:src/MemoryAllocator.cpp **** 				{
 170:src/MemoryAllocator.cpp **** 		 			used->prev->next = new_used;
 171:src/MemoryAllocator.cpp **** 					new_used->prev = used->prev;
 172:src/MemoryAllocator.cpp **** 				}
 173:src/MemoryAllocator.cpp **** 				else
 174:src/MemoryAllocator.cpp ****                 {
 175:src/MemoryAllocator.cpp ****                     used_mem_head = new_used;
 176:src/MemoryAllocator.cpp ****                     new_used->prev = nullptr;
 177:src/MemoryAllocator.cpp ****                 }
 178:src/MemoryAllocator.cpp **** 				used->prev = new_used;
 179:src/MemoryAllocator.cpp **** 				new_used->next = used;
 180:src/MemoryAllocator.cpp **** 			}
 181:src/MemoryAllocator.cpp **** 			//new_used->size = new_size; uneeded here since they are exactly the same
 182:src/MemoryAllocator.cpp **** 
 183:src/MemoryAllocator.cpp ****             return (void*)( (uint64)curr + sizeof(mem_header) );
 184:src/MemoryAllocator.cpp ****         }
 185:src/MemoryAllocator.cpp ****     }
 186:src/MemoryAllocator.cpp ****     return nullptr;
 187:src/MemoryAllocator.cpp **** }
 269              		.loc 1 187 1
 270 017c 13850400 		mv	a0,s1
 271 0180 83308102 		ld	ra,40(sp)
 272              		.cfi_remember_state
 273              		.cfi_restore 1
 274 0184 03340102 		ld	s0,32(sp)
 275              		.cfi_restore 8
 276              		.cfi_def_cfa 2, 48
 277 0188 83348101 		ld	s1,24(sp)
 278              		.cfi_restore 9
 279 018c 03390101 		ld	s2,16(sp)
 280              		.cfi_restore 18
 281 0190 83398100 		ld	s3,8(sp)
 282              		.cfi_restore 19
 283 0194 033A0100 		ld	s4,0(sp)
 284              		.cfi_restore 20
 285 0198 13010103 		addi	sp,sp,48
 286              		.cfi_def_cfa_offset 0
 287 019c 67800000 		jr	ra
 288              	.LVL18:
 289              	.L14:
 290              		.cfi_restore_state
GAS LISTING /tmp/ccKyAMg2.s 			page 11


 291              	.LBB17:
 292              	.LBB15:
 293              	.LBB12:
 294              	.LBB8:
 102:src/MemoryAllocator.cpp **** 					else new_used->next = nullptr;
 295              		.loc 1 102 6 is_stmt 1
 296 01a0 638C0600 		beqz	a3,.L17
 102:src/MemoryAllocator.cpp **** 					else new_used->next = nullptr;
 297              		.loc 1 102 35 discriminator 1
 102:src/MemoryAllocator.cpp **** 					else new_used->next = nullptr;
 298              		.loc 1 102 50 is_stmt 0 discriminator 1
 299 01a4 23B0D400 		sd	a3,0(s1)
 300              	.L18:
 104:src/MemoryAllocator.cpp **** 					new_used->prev = nullptr;//DUPLICATE----------------------------------------------------------
 301              		.loc 1 104 6 is_stmt 1
 104:src/MemoryAllocator.cpp **** 					new_used->prev = nullptr;//DUPLICATE----------------------------------------------------------
 302              		.loc 1 104 20 is_stmt 0
 303 01a8 97070000 		sd	s1,.LANCHOR0+8,a5
 303      23B09700 
 304              	.LVL19:
 105:src/MemoryAllocator.cpp **** 				}
 305              		.loc 1 105 6 is_stmt 1
 105:src/MemoryAllocator.cpp **** 				}
 306              		.loc 1 105 21 is_stmt 0
 307 01b0 23B40400 		sd	zero,8(s1)
 308              	.LVL20:
 309 01b4 6FF01FFC 		j	.L16
 310              	.LVL21:
 311              	.L17:
 103:src/MemoryAllocator.cpp **** 					used_mem_head = new_used;
 312              		.loc 1 103 11 is_stmt 1
 103:src/MemoryAllocator.cpp **** 					used_mem_head = new_used;
 313              		.loc 1 103 26 is_stmt 0
 314 01b8 23B00400 		sd	zero,0(s1)
 315 01bc 6FF0DFFE 		j	.L18
 316              	.L19:
 117:src/MemoryAllocator.cpp ****                     new_used->prev = nullptr;
 317              		.loc 1 117 21 is_stmt 1
 117:src/MemoryAllocator.cpp ****                     new_used->prev = nullptr;
 318              		.loc 1 117 35 is_stmt 0
 319 01c0 17070000 		sd	s1,.LANCHOR0+8,a4
 319      23309700 
 118:src/MemoryAllocator.cpp ****                 }
 320              		.loc 1 118 21 is_stmt 1
 118:src/MemoryAllocator.cpp ****                 }
 321              		.loc 1 118 36 is_stmt 0
 322 01c8 23B40400 		sd	zero,8(s1)
 323 01cc 6FF05FF7 		j	.L20
 324              	.LVL22:
 325              	.L45:
 326              	.LBE8:
 327              	.LBB9:
 328              	.LBB6:
 132:src/MemoryAllocator.cpp **** 			if(curr->next)
 329              		.loc 1 132 4 is_stmt 1
 132:src/MemoryAllocator.cpp **** 			if(curr->next)
 330              		.loc 1 132 13 is_stmt 0
GAS LISTING /tmp/ccKyAMg2.s 			page 12


 331 01d0 83B78400 		ld	a5,8(s1)
 132:src/MemoryAllocator.cpp **** 			if(curr->next)
 332              		.loc 1 132 4
 333 01d4 63860700 		beqz	a5,.L22
 132:src/MemoryAllocator.cpp **** 			if(curr->next)
 334              		.loc 1 132 19 is_stmt 1 discriminator 1
 132:src/MemoryAllocator.cpp **** 			if(curr->next)
 335              		.loc 1 132 44 is_stmt 0 discriminator 1
 336 01d8 03B70400 		ld	a4,0(s1)
 132:src/MemoryAllocator.cpp **** 			if(curr->next)
 337              		.loc 1 132 36 discriminator 1
 338 01dc 23B0E700 		sd	a4,0(a5)
 339              	.L22:
 133:src/MemoryAllocator.cpp **** 			{
 340              		.loc 1 133 4 is_stmt 1
 133:src/MemoryAllocator.cpp **** 			{
 341              		.loc 1 133 13 is_stmt 0
 342 01e0 83B70400 		ld	a5,0(s1)
 133:src/MemoryAllocator.cpp **** 			{
 343              		.loc 1 133 4
 344 01e4 63880700 		beqz	a5,.L23
 135:src/MemoryAllocator.cpp **** 				if(curr->prev == nullptr) free_mem_head = curr->next;
 345              		.loc 1 135 5 is_stmt 1
 135:src/MemoryAllocator.cpp **** 				if(curr->prev == nullptr) free_mem_head = curr->next;
 346              		.loc 1 135 30 is_stmt 0
 347 01e8 03B78400 		ld	a4,8(s1)
 135:src/MemoryAllocator.cpp **** 				if(curr->prev == nullptr) free_mem_head = curr->next;
 348              		.loc 1 135 22
 349 01ec 23B4E700 		sd	a4,8(a5)
 136:src/MemoryAllocator.cpp **** 			}
 350              		.loc 1 136 5 is_stmt 1
 351 01f0 630E0702 		beqz	a4,.L47
 352              	.L23:
 138:src/MemoryAllocator.cpp ****             if( ( (uint64)curr + sizeof(mem_header) + (uint64)new_size >= (uint64)HEAP_END_ADDR ) &
 353              		.loc 1 138 4
 138:src/MemoryAllocator.cpp ****             if( ( (uint64)curr + sizeof(mem_header) + (uint64)new_size >= (uint64)HEAP_END_ADDR ) &
 354              		.loc 1 138 28 is_stmt 0
 355 01f4 23B40400 		sd	zero,8(s1)
 138:src/MemoryAllocator.cpp ****             if( ( (uint64)curr + sizeof(mem_header) + (uint64)new_size >= (uint64)HEAP_END_ADDR ) &
 356              		.loc 1 138 15
 357 01f8 23B00400 		sd	zero,0(s1)
 139:src/MemoryAllocator.cpp **** 
 358              		.loc 1 139 13 is_stmt 1
 139:src/MemoryAllocator.cpp **** 
 359              		.loc 1 139 72 is_stmt 0
 360 01fc 97070000 		la	a5,HEAP_END_ADDR
 360      83B70700 
 361 0204 83B70700 		ld	a5,0(a5)
 139:src/MemoryAllocator.cpp **** 
 362              		.loc 1 139 13
 363 0208 6368F900 		bltu	s2,a5,.L24
 139:src/MemoryAllocator.cpp **** 
 364              		.loc 1 139 116 discriminator 1
 365 020c 97070000 		ld	a5,.LANCHOR0
 365      83B70700 
 139:src/MemoryAllocator.cpp **** 
 366              		.loc 1 139 99 discriminator 1
GAS LISTING /tmp/ccKyAMg2.s 			page 13


 367 0214 63849702 		beq	a5,s1,.L48
 368              	.L24:
 141:src/MemoryAllocator.cpp **** 
 369              		.loc 1 141 13 is_stmt 1
 370              	.LVL23:
 144:src/MemoryAllocator.cpp **** 			if(used_mem_head != nullptr)
 371              		.loc 1 144 13
 144:src/MemoryAllocator.cpp **** 			if(used_mem_head != nullptr)
 372              		.loc 1 144 18 is_stmt 0
 373 0218 97060000 		ld	a3,.LANCHOR0+8
 373      83B60600 
 374              	.LVL24:
 145:src/MemoryAllocator.cpp **** 			{
 375              		.loc 1 145 4 is_stmt 1
 376 0220 63820606 		beqz	a3,.L41
 144:src/MemoryAllocator.cpp **** 			if(used_mem_head != nullptr)
 377              		.loc 1 144 18 is_stmt 0
 378 0224 93870600 		mv	a5,a3
 379 0228 6F004002 		j	.L26
 380              	.LVL25:
 381              	.L47:
 136:src/MemoryAllocator.cpp **** 			}
 382              		.loc 1 136 31 is_stmt 1 discriminator 1
 136:src/MemoryAllocator.cpp **** 			}
 383              		.loc 1 136 53 is_stmt 0 discriminator 1
 384 022c 83B70400 		ld	a5,0(s1)
 136:src/MemoryAllocator.cpp **** 			}
 385              		.loc 1 136 45 discriminator 1
 386 0230 17070000 		sd	a5,.LANCHOR0,a4
 386      2330F700 
 387 0238 6FF0DFFB 		j	.L23
 388              	.L48:
 139:src/MemoryAllocator.cpp **** 
 389              		.loc 1 139 125 is_stmt 1 discriminator 2
 139:src/MemoryAllocator.cpp **** 
 390              		.loc 1 139 139 is_stmt 0 discriminator 2
 391 023c 97070000 		sd	zero,.LANCHOR0,a5
 391      23B00700 
 392 0244 6FF05FFD 		j	.L24
 393              	.LVL26:
 394              	.L42:
 147:src/MemoryAllocator.cpp **** 			}
 395              		.loc 1 147 72
 396 0248 93070700 		mv	a5,a4
 397              	.LVL27:
 398              	.L26:
 147:src/MemoryAllocator.cpp **** 			}
 399              		.loc 1 147 14 is_stmt 1 discriminator 3
 147:src/MemoryAllocator.cpp **** 			}
 400              		.loc 1 147 52 discriminator 3
 401 024c 63F64701 		bleu	s4,a5,.L25
 147:src/MemoryAllocator.cpp **** 			}
 402              		.loc 1 147 61 is_stmt 0 discriminator 1
 403 0250 03B70700 		ld	a4,0(a5)
 147:src/MemoryAllocator.cpp **** 			}
 404              		.loc 1 147 52 discriminator 1
 405 0254 E31A07FE 		bnez	a4,.L42
GAS LISTING /tmp/ccKyAMg2.s 			page 14


 406              	.L25:
 149:src/MemoryAllocator.cpp **** 			{
 407              		.loc 1 149 4 is_stmt 1
 408 0258 63EA4703 		bgtu	s4,a5,.L27
 149:src/MemoryAllocator.cpp **** 			{
 409              		.loc 1 149 40 is_stmt 0 discriminator 1
 410 025c 63880702 		beqz	a5,.L27
 166:src/MemoryAllocator.cpp **** 			{
 411              		.loc 1 166 10 is_stmt 1
 412 0260 6376FA04 		bgeu	s4,a5,.L31
 168:src/MemoryAllocator.cpp **** 				{
 413              		.loc 1 168 5
 168:src/MemoryAllocator.cpp **** 				{
 414              		.loc 1 168 14 is_stmt 0
 415 0264 03B78700 		ld	a4,8(a5)
 168:src/MemoryAllocator.cpp **** 				{
 416              		.loc 1 168 5
 417 0268 63060706 		beqz	a4,.L34
 170:src/MemoryAllocator.cpp **** 					new_used->prev = used->prev;
 418              		.loc 1 170 7 is_stmt 1
 170:src/MemoryAllocator.cpp **** 					new_used->prev = used->prev;
 419              		.loc 1 170 24 is_stmt 0
 420 026c 23309700 		sd	s1,0(a4)
 171:src/MemoryAllocator.cpp **** 				}
 421              		.loc 1 171 6 is_stmt 1
 171:src/MemoryAllocator.cpp **** 				}
 422              		.loc 1 171 29 is_stmt 0
 423 0270 03B78700 		ld	a4,8(a5)
 171:src/MemoryAllocator.cpp **** 				}
 424              		.loc 1 171 21
 425 0274 23B4E400 		sd	a4,8(s1)
 426              	.L35:
 178:src/MemoryAllocator.cpp **** 				new_used->next = used;
 427              		.loc 1 178 5 is_stmt 1
 178:src/MemoryAllocator.cpp **** 				new_used->next = used;
 428              		.loc 1 178 16 is_stmt 0
 429 0278 23B49700 		sd	s1,8(a5)
 179:src/MemoryAllocator.cpp **** 			}
 430              		.loc 1 179 5 is_stmt 1
 179:src/MemoryAllocator.cpp **** 			}
 431              		.loc 1 179 20 is_stmt 0
 432 027c 23B0F400 		sd	a5,0(s1)
 433 0280 6F00C002 		j	.L31
 434              	.LVL28:
 435              	.L41:
 144:src/MemoryAllocator.cpp **** 			if(used_mem_head != nullptr)
 436              		.loc 1 144 18
 437 0284 93870600 		mv	a5,a3
 438 0288 6FF01FFD 		j	.L25
 439              	.LVL29:
 440              	.L27:
 151:src/MemoryAllocator.cpp **** 				if(used)
 441              		.loc 1 151 5 is_stmt 1
 151:src/MemoryAllocator.cpp **** 				if(used)
 442              		.loc 1 151 20 is_stmt 0
 443 028c 23B4F400 		sd	a5,8(s1)
 152:src/MemoryAllocator.cpp **** 				{
GAS LISTING /tmp/ccKyAMg2.s 			page 15


 444              		.loc 1 152 5 is_stmt 1
 445 0290 63820702 		beqz	a5,.L29
 154:src/MemoryAllocator.cpp **** 					if(used->next)used->next->prev = new_used;
 446              		.loc 1 154 6
 154:src/MemoryAllocator.cpp **** 					if(used->next)used->next->prev = new_used;
 447              		.loc 1 154 29 is_stmt 0
 448 0294 03B70700 		ld	a4,0(a5)
 154:src/MemoryAllocator.cpp **** 					if(used->next)used->next->prev = new_used;
 449              		.loc 1 154 21
 450 0298 23B0E400 		sd	a4,0(s1)
 155:src/MemoryAllocator.cpp **** 					used->next = new_used;
 451              		.loc 1 155 6 is_stmt 1
 452 029c 63040700 		beqz	a4,.L30
 155:src/MemoryAllocator.cpp **** 					used->next = new_used;
 453              		.loc 1 155 20 discriminator 1
 155:src/MemoryAllocator.cpp **** 					used->next = new_used;
 454              		.loc 1 155 37 is_stmt 0 discriminator 1
 455 02a0 23349700 		sd	s1,8(a4)
 456              	.L30:
 156:src/MemoryAllocator.cpp ****                     new_used->prev = used;
 457              		.loc 1 156 6 is_stmt 1
 156:src/MemoryAllocator.cpp ****                     new_used->prev = used;
 458              		.loc 1 156 17 is_stmt 0
 459 02a4 23B09700 		sd	s1,0(a5)
 157:src/MemoryAllocator.cpp **** 				}
 460              		.loc 1 157 21 is_stmt 1
 157:src/MemoryAllocator.cpp **** 				}
 461              		.loc 1 157 36 is_stmt 0
 462 02a8 23B4F400 		sd	a5,8(s1)
 463              	.LVL30:
 464              	.L31:
 183:src/MemoryAllocator.cpp ****         }
 465              		.loc 1 183 13 is_stmt 1
 183:src/MemoryAllocator.cpp ****         }
 466              		.loc 1 183 42 is_stmt 0
 467 02ac 93048A01 		addi	s1,s4,24
 468              	.LVL31:
 183:src/MemoryAllocator.cpp ****         }
 469              		.loc 1 183 63
 470 02b0 6FF0DFEC 		j	.L1
 471              	.LVL32:
 472              	.L29:
 161:src/MemoryAllocator.cpp **** 					else new_used->next = nullptr;
 473              		.loc 1 161 6 is_stmt 1
 474 02b4 638C0600 		beqz	a3,.L32
 161:src/MemoryAllocator.cpp **** 					else new_used->next = nullptr;
 475              		.loc 1 161 35 discriminator 1
 161:src/MemoryAllocator.cpp **** 					else new_used->next = nullptr;
 476              		.loc 1 161 50 is_stmt 0 discriminator 1
 477 02b8 23B0D400 		sd	a3,0(s1)
 478              	.L33:
 163:src/MemoryAllocator.cpp **** 					new_used->prev = nullptr;
 479              		.loc 1 163 6 is_stmt 1
 163:src/MemoryAllocator.cpp **** 					new_used->prev = nullptr;
 480              		.loc 1 163 20 is_stmt 0
 481 02bc 97070000 		sd	s1,.LANCHOR0+8,a5
 481      23B09700 
GAS LISTING /tmp/ccKyAMg2.s 			page 16


 482              	.LVL33:
 164:src/MemoryAllocator.cpp **** 				}
 483              		.loc 1 164 6 is_stmt 1
 164:src/MemoryAllocator.cpp **** 				}
 484              		.loc 1 164 21 is_stmt 0
 485 02c4 23B40400 		sd	zero,8(s1)
 486              	.LVL34:
 487 02c8 6FF05FFE 		j	.L31
 488              	.LVL35:
 489              	.L32:
 162:src/MemoryAllocator.cpp **** 					used_mem_head = new_used;
 490              		.loc 1 162 11 is_stmt 1
 162:src/MemoryAllocator.cpp **** 					used_mem_head = new_used;
 491              		.loc 1 162 26 is_stmt 0
 492 02cc 23B00400 		sd	zero,0(s1)
 493 02d0 6FF0DFFE 		j	.L33
 494              	.L34:
 175:src/MemoryAllocator.cpp ****                     new_used->prev = nullptr;
 495              		.loc 1 175 21 is_stmt 1
 175:src/MemoryAllocator.cpp ****                     new_used->prev = nullptr;
 496              		.loc 1 175 35 is_stmt 0
 497 02d4 17070000 		sd	s1,.LANCHOR0+8,a4
 497      23309700 
 176:src/MemoryAllocator.cpp ****                 }
 498              		.loc 1 176 21 is_stmt 1
 499 02dc 6FF0DFF9 		j	.L35
 500              	.LVL36:
 501              	.L37:
 502              	.LBE6:
 503              	.LBE9:
 504              	.LBE12:
 505              	.LBE15:
 506              	.LBE17:
  17:src/MemoryAllocator.cpp ****     //size outside of heap and all that------------------------------------------------------------
 507              		.loc 1 17 26 is_stmt 0
 508 02e0 93040000 		li	s1,0
 509 02e4 6FF09FE9 		j	.L1
 510              		.cfi_endproc
 511              	.LFE42:
 513              		.align	2
 514              		.globl	_ZN15MemoryAllocator8mem_freeEPv
 516              	_ZN15MemoryAllocator8mem_freeEPv:
 517              	.LFB43:
 188:src/MemoryAllocator.cpp **** 
 189:src/MemoryAllocator.cpp **** 
 190:src/MemoryAllocator.cpp **** int MemoryAllocator::mem_free(void* ptr) {
 518              		.loc 1 190 42 is_stmt 1
 519              		.cfi_startproc
 520              	.LVL37:
 521 02e8 130101FF 		addi	sp,sp,-16
 522              		.cfi_def_cfa_offset 16
 523 02ec 23348100 		sd	s0,8(sp)
 524              		.cfi_offset 8, -8
 525 02f0 13040101 		addi	s0,sp,16
 526              		.cfi_def_cfa 8, 0
 191:src/MemoryAllocator.cpp **** 	//check if pointer is not a the right initial location
 192:src/MemoryAllocator.cpp ****     //iterate through used until you find pointer, and get its size
GAS LISTING /tmp/ccKyAMg2.s 			page 17


 193:src/MemoryAllocator.cpp ****     //iterate through free (And add its size to it) until either two things:
 194:src/MemoryAllocator.cpp ****     //1. the result you get matches the start of the pointer - in that case, join the two by increa
 195:src/MemoryAllocator.cpp ****     //free and restructuring used. Also make sure to check if the next connects to the freed memory
 196:src/MemoryAllocator.cpp ****     //2. The next is the only free memory, in that case make the used the new free memory, restruct
 197:src/MemoryAllocator.cpp ****     //it with the ahead one if need be
 198:src/MemoryAllocator.cpp **** 
 199:src/MemoryAllocator.cpp ****     if(ptr == nullptr || (uint64)ptr < (uint64)HEAP_START_ADDR || (uint64)ptr > (uint64)HEAP_END_AD
 527              		.loc 1 199 5
 528 02f4 630C053C 		beqz	a0,.L89
 529              		.loc 1 199 38 is_stmt 0 discriminator 2
 530 02f8 17070000 		la	a4,HEAP_START_ADDR
 530      03370700 
 531 0300 03370700 		ld	a4,0(a4)
 532              		.loc 1 199 23 discriminator 2
 533 0304 6368E53C 		bltu	a0,a4,.L90
 534              		.loc 1 199 79 discriminator 4
 535 0308 17070000 		la	a4,HEAP_END_ADDR
 535      03370700 
 536 0310 03370700 		ld	a4,0(a4)
 537              		.loc 1 199 64 discriminator 4
 538 0314 6364A73C 		bgtu	a0,a4,.L91
 200:src/MemoryAllocator.cpp ****     if(used_mem_head == nullptr) return -2;
 539              		.loc 1 200 5 is_stmt 1
 540              		.loc 1 200 22 is_stmt 0
 541 0318 97070000 		ld	a5,.LANCHOR0+8
 541      83B70700 
 542              		.loc 1 200 5
 543 0320 6382073C 		beqz	a5,.L92
 201:src/MemoryAllocator.cpp ****     //replace ptrs
 202:src/MemoryAllocator.cpp ****     //need to check if the fuckin used has pointers, or is not null
 203:src/MemoryAllocator.cpp ****     mem_header* ptr1 = (mem_header*)((uint64)ptr - sizeof(mem_header)); //shouldnt -sizeof(header),
 544              		.loc 1 203 5 is_stmt 1
 545              		.loc 1 203 50 is_stmt 0
 546 0324 930685FE 		addi	a3,a0,-24
 547              		.loc 1 203 17
 548 0328 13880600 		mv	a6,a3
 549              	.LVL38:
 204:src/MemoryAllocator.cpp ****     int used_size = ptr1->size;
 550              		.loc 1 204 5 is_stmt 1
 551              		.loc 1 204 9 is_stmt 0
 552 032c 83A50601 		lw	a1,16(a3)
 553              	.LVL39:
 205:src/MemoryAllocator.cpp ****     //EVERYTHING BEFORE HERE IN TERMS OF CALCULTION SHOULD BE FINE
 206:src/MemoryAllocator.cpp **** 
 207:src/MemoryAllocator.cpp ****     /*printString("\nptr1 location: ");
 208:src/MemoryAllocator.cpp ****     printInt((uint64)ptr1);
 209:src/MemoryAllocator.cpp ****     __putc('\n');*/
 210:src/MemoryAllocator.cpp **** 
 211:src/MemoryAllocator.cpp ****     auto free = free_mem_head;
 554              		.loc 1 211 5 is_stmt 1
 555              		.loc 1 211 10 is_stmt 0
 556 0330 97070000 		ld	a5,.LANCHOR0
 556      83B70700 
 557              	.LVL40:
 558 0338 6F00C008 		j	.L62
 559              	.LVL41:
 560              	.L94:
GAS LISTING /tmp/ccKyAMg2.s 			page 18


 561              	.LBB18:
 562              	.LBB19:
 563              	.LBB20:
 212:src/MemoryAllocator.cpp ****     for(; free != nullptr && ( (uint64)free < (uint64)ptr1 ); free = free->next) // find a free tha
 213:src/MemoryAllocator.cpp **** 	{
 214:src/MemoryAllocator.cpp **** 
 215:src/MemoryAllocator.cpp ****         /*printString("\nfree location behind: ");
 216:src/MemoryAllocator.cpp ****         printInt((uint64)free);
 217:src/MemoryAllocator.cpp ****         __putc('\n');*/
 218:src/MemoryAllocator.cpp **** 
 219:src/MemoryAllocator.cpp ****         if( ( (uint64)free + sizeof(mem_header) + (uint64)free->size ) == (uint64)ptr1) //directly 
 220:src/MemoryAllocator.cpp **** 		{
 221:src/MemoryAllocator.cpp ****             if(ptr1->prev != nullptr)
 222:src/MemoryAllocator.cpp **** 			{
 223:src/MemoryAllocator.cpp **** 				ptr1->prev->next = ptr1->next;
 224:src/MemoryAllocator.cpp **** 				//used_mem_head = ptr1->prev;
 225:src/MemoryAllocator.cpp **** 			}
 226:src/MemoryAllocator.cpp ****             if(ptr1->next != nullptr)
 227:src/MemoryAllocator.cpp **** 			{
 228:src/MemoryAllocator.cpp **** 				ptr1->next->prev = ptr1->prev;
 229:src/MemoryAllocator.cpp **** 				//if(ptr1->prev == nullptr) used_mem_head = ptr1->next;
 230:src/MemoryAllocator.cpp **** 			}
 231:src/MemoryAllocator.cpp **** 			if(ptr1->prev == nullptr && ptr1->next == nullptr && used_mem_head == ptr1) used_mem_head = null
 564              		.loc 1 231 38 discriminator 1
 565 033c 033785FE 		ld	a4,-24(a0)
 566              		.loc 1 231 29 discriminator 1
 567 0340 6314070C 		bnez	a4,.L55
 568              		.loc 1 231 71 discriminator 2
 569 0344 17070000 		ld	a4,.LANCHOR0+8
 569      03370700 
 570              		.loc 1 231 54 discriminator 2
 571 034c 631E070B 		bne	a4,a6,.L55
 572              		.loc 1 231 80 is_stmt 1 discriminator 3
 573              		.loc 1 231 94 is_stmt 0 discriminator 3
 574 0350 17070000 		sd	zero,.LANCHOR0+8,a4
 574      23300700 
 575 0358 6F00000C 		j	.L56
 576              	.L95:
 232:src/MemoryAllocator.cpp ****             else if(ptr1 == used_mem_head && ptr1->next != nullptr) used_mem_head = ptr1->next;
 577              		.loc 1 232 52 discriminator 1
 578 035c 033385FE 		ld	t1,-24(a0)
 579              		.loc 1 232 43 discriminator 1
 580 0360 630A030A 		beqz	t1,.L57
 581              		.loc 1 232 69 is_stmt 1 discriminator 2
 582              		.loc 1 232 83 is_stmt 0 discriminator 2
 583 0364 17070000 		sd	t1,.LANCHOR0+8,a4
 583      23306700 
 584 036c 6F00C00A 		j	.L56
 585              	.L96:
 233:src/MemoryAllocator.cpp ****             else if(ptr1 == used_mem_head && ptr1->prev != nullptr) used_mem_head = ptr1->prev;
 586              		.loc 1 233 43 discriminator 1
 587 0370 6384080A 		beqz	a7,.L56
 588              		.loc 1 233 69 is_stmt 1 discriminator 2
 589              		.loc 1 233 83 is_stmt 0 discriminator 2
 590 0374 17070000 		sd	a7,.LANCHOR0+8,a4
 590      23301701 
 591 037c 6F00C009 		j	.L56
GAS LISTING /tmp/ccKyAMg2.s 			page 19


 592              	.LVL42:
 593              	.L97:
 594              	.LBB21:
 595              	.LBB22:
 234:src/MemoryAllocator.cpp ****             ptr1->next = ptr1->prev = nullptr;
 235:src/MemoryAllocator.cpp **** 
 236:src/MemoryAllocator.cpp **** 
 237:src/MemoryAllocator.cpp ****             free->size += used_size + sizeof(mem_header); // PRESUMABLY CORRECT, BUT IS NEVER CALLE
 238:src/MemoryAllocator.cpp ****             //check if next free mem can be added to this - do we have to though? yea
 239:src/MemoryAllocator.cpp **** 
 240:src/MemoryAllocator.cpp ****             if( ( (uint64)free + sizeof(mem_header) + (uint64)free->size ) == (uint64)free->next )
 241:src/MemoryAllocator.cpp **** 			{
 242:src/MemoryAllocator.cpp ****                 free->size += free->next->size + sizeof(mem_header);
 596              		.loc 1 242 17 is_stmt 1
 597              		.loc 1 242 43 is_stmt 0
 598 0380 03B70601 		ld	a4,16(a3)
 599              		.loc 1 242 28
 600 0384 3387E500 		add	a4,a1,a4
 601 0388 13078701 		addi	a4,a4,24
 602 038c 23B8E700 		sd	a4,16(a5)
 243:src/MemoryAllocator.cpp **** 				mem_header* temp = free->next;
 603              		.loc 1 243 5 is_stmt 1
 604              	.LVL43:
 244:src/MemoryAllocator.cpp ****                 if(free->next->next != nullptr) free->next->next->prev = free;//SOMETHING HERE CHAN
 605              		.loc 1 244 17
 606              		.loc 1 244 32 is_stmt 0
 607 0390 03B70600 		ld	a4,0(a3)
 608              		.loc 1 244 17
 609 0394 63040700 		beqz	a4,.L59
 610              		.loc 1 244 49 is_stmt 1 discriminator 1
 611              		.loc 1 244 72 is_stmt 0 discriminator 1
 612 0398 2334F700 		sd	a5,8(a4)
 613              	.L59:
 245:src/MemoryAllocator.cpp ****                 if(free->next->next != nullptr) free->next = free->next->next;
 614              		.loc 1 245 17 is_stmt 1
 615              		.loc 1 245 26 is_stmt 0
 616 039c 03B70700 		ld	a4,0(a5)
 617              		.loc 1 245 32
 618 03a0 03370700 		ld	a4,0(a4)
 619              		.loc 1 245 17
 620 03a4 630A0700 		beqz	a4,.L60
 621              		.loc 1 245 49 is_stmt 1 discriminator 1
 622              		.loc 1 245 60 is_stmt 0 discriminator 1
 623 03a8 23B0E700 		sd	a4,0(a5)
 624              	.L61:
 246:src/MemoryAllocator.cpp **** 				else free->next = nullptr;
 247:src/MemoryAllocator.cpp ****                 temp->prev = temp->next = nullptr;
 625              		.loc 1 247 17 is_stmt 1
 626              		.loc 1 247 41 is_stmt 0
 627 03ac 23B00600 		sd	zero,0(a3)
 628              		.loc 1 247 28
 629 03b0 23B40600 		sd	zero,8(a3)
 630              	.LBE22:
 631 03b4 6F00C008 		j	.L58
 632              	.L60:
 633              	.LBB23:
 246:src/MemoryAllocator.cpp **** 				else free->next = nullptr;
GAS LISTING /tmp/ccKyAMg2.s 			page 20


 634              		.loc 1 246 10 is_stmt 1
 246:src/MemoryAllocator.cpp **** 				else free->next = nullptr;
 635              		.loc 1 246 21 is_stmt 0
 636 03b8 23B00700 		sd	zero,0(a5)
 637 03bc 6FF01FFF 		j	.L61
 638              	.LVL44:
 639              	.L52:
 640              	.LBE23:
 641              	.LBE21:
 642              	.LBE20:
 643              	.LBE19:
 212:src/MemoryAllocator.cpp **** 	{
 644              		.loc 1 212 5 is_stmt 1
 212:src/MemoryAllocator.cpp **** 	{
 645              		.loc 1 212 68 is_stmt 0
 646 03c0 83B70700 		ld	a5,0(a5)
 647              	.LVL45:
 648              	.L62:
 649              	.LBE18:
 212:src/MemoryAllocator.cpp **** 	{
 650              		.loc 1 212 5 is_stmt 1 discriminator 2
 651              	.LBB27:
 212:src/MemoryAllocator.cpp **** 	{
 652              		.loc 1 212 27 discriminator 2
 653 03c4 63820708 		beqz	a5,.L51
 212:src/MemoryAllocator.cpp **** 	{
 654              		.loc 1 212 45 is_stmt 0 discriminator 1
 655 03c8 13860700 		mv	a2,a5
 212:src/MemoryAllocator.cpp **** 	{
 656              		.loc 1 212 27 discriminator 1
 657 03cc 63FED706 		bleu	a3,a5,.L51
 658              	.LBE27:
 219:src/MemoryAllocator.cpp **** 		{
 659              		.loc 1 219 9 is_stmt 1
 660              	.LBB28:
 661              	.LBB26:
 219:src/MemoryAllocator.cpp **** 		{
 662              		.loc 1 219 65 is_stmt 0
 663 03d0 03B70701 		ld	a4,16(a5)
 219:src/MemoryAllocator.cpp **** 		{
 664              		.loc 1 219 49
 665 03d4 3387E700 		add	a4,a5,a4
 666 03d8 13078701 		addi	a4,a4,24
 219:src/MemoryAllocator.cpp **** 		{
 667              		.loc 1 219 9
 668 03dc E392E6FE 		bne	a3,a4,.L52
 669              	.LBB25:
 221:src/MemoryAllocator.cpp **** 			{
 670              		.loc 1 221 13 is_stmt 1
 221:src/MemoryAllocator.cpp **** 			{
 671              		.loc 1 221 22 is_stmt 0
 672 03e0 03B78600 		ld	a4,8(a3)
 221:src/MemoryAllocator.cpp **** 			{
 673              		.loc 1 221 13
 674 03e4 63060700 		beqz	a4,.L53
 223:src/MemoryAllocator.cpp **** 				//used_mem_head = ptr1->prev;
 675              		.loc 1 223 5 is_stmt 1
GAS LISTING /tmp/ccKyAMg2.s 			page 21


 223:src/MemoryAllocator.cpp **** 				//used_mem_head = ptr1->prev;
 676              		.loc 1 223 30 is_stmt 0
 677 03e8 833885FE 		ld	a7,-24(a0)
 223:src/MemoryAllocator.cpp **** 				//used_mem_head = ptr1->prev;
 678              		.loc 1 223 22
 679 03ec 23301701 		sd	a7,0(a4)
 680              	.L53:
 226:src/MemoryAllocator.cpp **** 			{
 681              		.loc 1 226 13 is_stmt 1
 226:src/MemoryAllocator.cpp **** 			{
 682              		.loc 1 226 22 is_stmt 0
 683 03f0 033785FE 		ld	a4,-24(a0)
 226:src/MemoryAllocator.cpp **** 			{
 684              		.loc 1 226 13
 685 03f4 63060700 		beqz	a4,.L54
 228:src/MemoryAllocator.cpp **** 				//if(ptr1->prev == nullptr) used_mem_head = ptr1->next;
 686              		.loc 1 228 5 is_stmt 1
 228:src/MemoryAllocator.cpp **** 				//if(ptr1->prev == nullptr) used_mem_head = ptr1->next;
 687              		.loc 1 228 30 is_stmt 0
 688 03f8 83B88600 		ld	a7,8(a3)
 228:src/MemoryAllocator.cpp **** 				//if(ptr1->prev == nullptr) used_mem_head = ptr1->next;
 689              		.loc 1 228 22
 690 03fc 23341701 		sd	a7,8(a4)
 691              	.L54:
 231:src/MemoryAllocator.cpp ****             else if(ptr1 == used_mem_head && ptr1->next != nullptr) used_mem_head = ptr1->next;
 692              		.loc 1 231 4 is_stmt 1
 231:src/MemoryAllocator.cpp ****             else if(ptr1 == used_mem_head && ptr1->next != nullptr) used_mem_head = ptr1->next;
 693              		.loc 1 231 13 is_stmt 0
 694 0400 83B88600 		ld	a7,8(a3)
 231:src/MemoryAllocator.cpp ****             else if(ptr1 == used_mem_head && ptr1->next != nullptr) used_mem_head = ptr1->next;
 695              		.loc 1 231 4
 696 0404 E38C08F2 		beqz	a7,.L94
 697              	.L55:
 232:src/MemoryAllocator.cpp ****             else if(ptr1 == used_mem_head && ptr1->prev != nullptr) used_mem_head = ptr1->prev;
 698              		.loc 1 232 18 is_stmt 1
 232:src/MemoryAllocator.cpp ****             else if(ptr1 == used_mem_head && ptr1->prev != nullptr) used_mem_head = ptr1->prev;
 699              		.loc 1 232 26 is_stmt 0
 700 0408 17070000 		ld	a4,.LANCHOR0+8
 700      03370700 
 232:src/MemoryAllocator.cpp ****             else if(ptr1 == used_mem_head && ptr1->prev != nullptr) used_mem_head = ptr1->prev;
 701              		.loc 1 232 18
 702 0410 E30607F5 		beq	a4,a6,.L95
 703              	.L57:
 233:src/MemoryAllocator.cpp ****             ptr1->next = ptr1->prev = nullptr;
 704              		.loc 1 233 18 is_stmt 1
 705 0414 E30E07F5 		beq	a4,a6,.L96
 706              	.L56:
 234:src/MemoryAllocator.cpp **** 
 707              		.loc 1 234 13
 234:src/MemoryAllocator.cpp **** 
 708              		.loc 1 234 37 is_stmt 0
 709 0418 23B40600 		sd	zero,8(a3)
 234:src/MemoryAllocator.cpp **** 
 710              		.loc 1 234 24
 711 041c 233405FE 		sd	zero,-24(a0)
 237:src/MemoryAllocator.cpp ****             //check if next free mem can be added to this - do we have to though? yea
 712              		.loc 1 237 13 is_stmt 1
GAS LISTING /tmp/ccKyAMg2.s 			page 22


 237:src/MemoryAllocator.cpp ****             //check if next free mem can be added to this - do we have to though? yea
 713              		.loc 1 237 24 is_stmt 0
 714 0420 03B70701 		ld	a4,16(a5)
 715 0424 B385E500 		add	a1,a1,a4
 716              	.LVL46:
 717 0428 93858501 		addi	a1,a1,24
 718 042c 23B8B700 		sd	a1,16(a5)
 240:src/MemoryAllocator.cpp **** 			{
 719              		.loc 1 240 13 is_stmt 1
 720              	.LBB24:
 240:src/MemoryAllocator.cpp **** 			{
 721              		.loc 1 240 53 is_stmt 0
 722 0430 3306B600 		add	a2,a2,a1
 723 0434 13068601 		addi	a2,a2,24
 240:src/MemoryAllocator.cpp **** 			{
 724              		.loc 1 240 93
 725 0438 83B60700 		ld	a3,0(a5)
 726              	.LVL47:
 240:src/MemoryAllocator.cpp **** 			{
 727              		.loc 1 240 13
 728 043c E302D6F4 		beq	a2,a3,.L97
 729              	.L58:
 730              	.LBE24:
 248:src/MemoryAllocator.cpp ****             }
 249:src/MemoryAllocator.cpp **** 			// move free head here - no need since this is already behind the used memory
 250:src/MemoryAllocator.cpp ****             return 0;
 731              		.loc 1 250 13 is_stmt 1
 732              		.loc 1 250 20 is_stmt 0
 733 0440 13050000 		li	a0,0
 734              	.LVL48:
 735 0444 6F004008 		j	.L50
 736              	.LVL49:
 737              	.L51:
 738              	.LBE25:
 739              	.LBE26:
 740              	.LBE28:
 251:src/MemoryAllocator.cpp ****         }
 252:src/MemoryAllocator.cpp ****     }
 253:src/MemoryAllocator.cpp ****     if(free != nullptr) //what about a free that is before but doesnt connect to either the back of
 741              		.loc 1 253 5 is_stmt 1
 742              	.LBB29:
 743 0448 638A071A 		beqz	a5,.L63
 254:src/MemoryAllocator.cpp **** 	{
 255:src/MemoryAllocator.cpp ****           /*printString("\nfree location after: ");
 256:src/MemoryAllocator.cpp ****           printInt((uint64)free);
 257:src/MemoryAllocator.cpp ****           printString("\nConnect?: ");
 258:src/MemoryAllocator.cpp ****           printInt((uint64)ptr1 + sizeof(mem_header) + used_size);
 259:src/MemoryAllocator.cpp ****           __putc('\n');*/
 260:src/MemoryAllocator.cpp **** 
 261:src/MemoryAllocator.cpp ****           //free exists so there is a free space, but it is after ptr
 262:src/MemoryAllocator.cpp ****           // check if next can be added to the end of it, if not just make a new free block
 263:src/MemoryAllocator.cpp **** 
 264:src/MemoryAllocator.cpp ****           if( ( (uint64)ptr1 + sizeof(mem_header) + used_size ) == (uint64)free) // check if ptr di
 744              		.loc 1 264 11
 745              		.loc 1 264 51 is_stmt 0
 746 044c B385B600 		add	a1,a3,a1
 747              	.LVL50:
GAS LISTING /tmp/ccKyAMg2.s 			page 23


 748 0450 93858501 		addi	a1,a1,24
 749              		.loc 1 264 11
 750 0454 6380F508 		beq	a1,a5,.L98
 265:src/MemoryAllocator.cpp **** 		  { //not checking correclty
 266:src/MemoryAllocator.cpp **** 	            if(ptr1->prev != nullptr)
 267:src/MemoryAllocator.cpp **** 				{
 268:src/MemoryAllocator.cpp **** 					ptr1->prev->next = ptr1->next;
 269:src/MemoryAllocator.cpp **** 					//used_mem_head = ptr1->prev;//--------------------------here
 270:src/MemoryAllocator.cpp **** 				}
 271:src/MemoryAllocator.cpp **** 	            if(ptr1->next != nullptr)
 272:src/MemoryAllocator.cpp **** 				{
 273:src/MemoryAllocator.cpp **** 					ptr1->next->prev = ptr1->prev;
 274:src/MemoryAllocator.cpp **** 					//if(ptr1->prev == nullptr) used_mem_head = ptr1->next;
 275:src/MemoryAllocator.cpp **** 				}
 276:src/MemoryAllocator.cpp **** 				if(ptr1->prev == nullptr && ptr1->next == nullptr && ptr1 == used_mem_head) used_mem_head = nul
 277:src/MemoryAllocator.cpp ****                 else if(ptr1 == used_mem_head && ptr1->next != nullptr) used_mem_head = ptr1->next;
 278:src/MemoryAllocator.cpp ****                 else if(ptr1 == used_mem_head && ptr1->prev != nullptr) used_mem_head = ptr1->prev;
 279:src/MemoryAllocator.cpp **** 	            ptr1->next = ptr1->prev = nullptr;
 280:src/MemoryAllocator.cpp **** 
 281:src/MemoryAllocator.cpp **** 	            ptr1->prev = free->prev;
 282:src/MemoryAllocator.cpp **** 	            ptr1->next = free->next;
 283:src/MemoryAllocator.cpp **** 	            ptr1->size += ( free->size + sizeof(mem_header) ); //lets see here
 284:src/MemoryAllocator.cpp **** 
 285:src/MemoryAllocator.cpp **** 	            if(free->prev != nullptr)free->prev->next = ptr1;
 286:src/MemoryAllocator.cpp **** 	            if(free->next != nullptr)free->next->prev = ptr1;
 287:src/MemoryAllocator.cpp ****                 free->next = free->prev = nullptr;
 288:src/MemoryAllocator.cpp **** 
 289:src/MemoryAllocator.cpp **** 				// move free head here - check if ANY instance of free behind our used memory, and if not, then
 290:src/MemoryAllocator.cpp **** 				if((uint64)free_mem_head > (uint64)ptr1) free_mem_head = ptr1;
 291:src/MemoryAllocator.cpp **** 
 292:src/MemoryAllocator.cpp ****                 return 0;
 293:src/MemoryAllocator.cpp ****           }else //ptr doesnt connect to back of free, and free doesnt connect to back of ptr, so pt
 294:src/MemoryAllocator.cpp **** 		  {
 295:src/MemoryAllocator.cpp **** 	            if(ptr1->prev != nullptr)
 751              		.loc 1 295 14 is_stmt 1
 752              		.loc 1 295 23 is_stmt 0
 753 0458 03B78600 		ld	a4,8(a3)
 754              		.loc 1 295 14
 755 045c 63060700 		beqz	a4,.L73
 296:src/MemoryAllocator.cpp **** 				{
 297:src/MemoryAllocator.cpp **** 				 	ptr1->prev->next = ptr1->next;
 756              		.loc 1 297 7 is_stmt 1
 757              		.loc 1 297 32 is_stmt 0
 758 0460 033685FE 		ld	a2,-24(a0)
 759              		.loc 1 297 24
 760 0464 2330C700 		sd	a2,0(a4)
 761              	.LVL51:
 762              	.L73:
 298:src/MemoryAllocator.cpp **** 					//used_mem_head = ptr1->prev;
 299:src/MemoryAllocator.cpp **** 				}
 300:src/MemoryAllocator.cpp **** 	            if(ptr1->next != nullptr)
 763              		.loc 1 300 14 is_stmt 1
 764              		.loc 1 300 23 is_stmt 0
 765 0468 033785FE 		ld	a4,-24(a0)
 766              		.loc 1 300 14
 767 046c 63060700 		beqz	a4,.L74
 301:src/MemoryAllocator.cpp **** 				{
GAS LISTING /tmp/ccKyAMg2.s 			page 24


 302:src/MemoryAllocator.cpp **** 					ptr1->next->prev = ptr1->prev;
 768              		.loc 1 302 6 is_stmt 1
 769              		.loc 1 302 31 is_stmt 0
 770 0470 03B68600 		ld	a2,8(a3)
 771              		.loc 1 302 23
 772 0474 2334C700 		sd	a2,8(a4)
 773              	.L74:
 303:src/MemoryAllocator.cpp **** 					//if(ptr1->prev == nullptr) used_mem_head = ptr1->next;
 304:src/MemoryAllocator.cpp **** 				}
 305:src/MemoryAllocator.cpp **** 				if(ptr1->prev == nullptr && ptr1->next == nullptr && ptr1 == used_mem_head) used_mem_head = nul
 774              		.loc 1 305 5 is_stmt 1
 775              		.loc 1 305 14 is_stmt 0
 776 0478 03B68600 		ld	a2,8(a3)
 777              		.loc 1 305 5
 778 047c 630E0612 		beqz	a2,.L99
 779              	.L75:
 306:src/MemoryAllocator.cpp ****                 else if(ptr1 == used_mem_head && ptr1->next != nullptr) used_mem_head = ptr1->next;
 780              		.loc 1 306 22 is_stmt 1
 781              		.loc 1 306 30 is_stmt 0
 782 0480 17070000 		ld	a4,.LANCHOR0+8
 782      03370700 
 783              		.loc 1 306 22
 784 0488 63080715 		beq	a4,a6,.L100
 785              	.L77:
 307:src/MemoryAllocator.cpp ****                 else if(ptr1 == used_mem_head && ptr1->prev != nullptr) used_mem_head = ptr1->prev;
 786              		.loc 1 307 22 is_stmt 1
 787 048c 63000717 		beq	a4,a6,.L101
 788              	.L76:
 308:src/MemoryAllocator.cpp **** 	            ptr1->next = ptr1->prev = nullptr;
 789              		.loc 1 308 14
 790              		.loc 1 308 38 is_stmt 0
 791 0490 23B40600 		sd	zero,8(a3)
 792              		.loc 1 308 25
 793 0494 233405FE 		sd	zero,-24(a0)
 309:src/MemoryAllocator.cpp **** 
 310:src/MemoryAllocator.cpp **** 	            ptr1->prev = free->prev;
 794              		.loc 1 310 14 is_stmt 1
 795              		.loc 1 310 33 is_stmt 0
 796 0498 03B78700 		ld	a4,8(a5)
 797              		.loc 1 310 25
 798 049c 23B4E600 		sd	a4,8(a3)
 311:src/MemoryAllocator.cpp **** 	            if(free->prev != nullptr) free->prev->next = ptr1;
 799              		.loc 1 311 14 is_stmt 1
 800 04a0 63040700 		beqz	a4,.L78
 801              		.loc 1 311 40 discriminator 1
 802              		.loc 1 311 57 is_stmt 0 discriminator 1
 803 04a4 2330D700 		sd	a3,0(a4)
 804              	.L78:
 312:src/MemoryAllocator.cpp **** 	            ptr1->next = free;
 805              		.loc 1 312 14 is_stmt 1
 806              		.loc 1 312 25 is_stmt 0
 807 04a8 2334F5FE 		sd	a5,-24(a0)
 313:src/MemoryAllocator.cpp **** 	            free->prev = ptr1;
 808              		.loc 1 313 14 is_stmt 1
 809              		.loc 1 313 25 is_stmt 0
 810 04ac 23B4D700 		sd	a3,8(a5)
 314:src/MemoryAllocator.cpp **** 
GAS LISTING /tmp/ccKyAMg2.s 			page 25


 315:src/MemoryAllocator.cpp **** 				// move free head here - check if ANY instance of free behind our used memory, and if not, then
 316:src/MemoryAllocator.cpp **** 		        if((uint64)free_mem_head > (uint64)ptr1) free_mem_head = ptr1;
 811              		.loc 1 316 11 is_stmt 1
 812              		.loc 1 316 36 is_stmt 0
 813 04b0 97070000 		ld	a5,.LANCHOR0
 813      83B70700 
 814              	.LVL52:
 815              		.loc 1 316 11
 816 04b8 63F6F600 		bgeu	a3,a5,.L79
 817              		.loc 1 316 52 is_stmt 1 discriminator 1
 818              		.loc 1 316 66 is_stmt 0 discriminator 1
 819 04bc 97070000 		sd	a3,.LANCHOR0,a5
 819      23B0D700 
 820              	.L79:
 317:src/MemoryAllocator.cpp **** 
 318:src/MemoryAllocator.cpp **** 	            return 0;
 821              		.loc 1 318 14 is_stmt 1
 822              		.loc 1 318 21 is_stmt 0
 823 04c4 13050000 		li	a0,0
 824              	.LVL53:
 825              	.L50:
 826              	.LBE29:
 319:src/MemoryAllocator.cpp ****         }
 320:src/MemoryAllocator.cpp ****     }else{ // free reached end of list and was still smaller than the used head
 321:src/MemoryAllocator.cpp ****         //make new free block at the end here
 322:src/MemoryAllocator.cpp ****         if(ptr1->prev != nullptr)
 323:src/MemoryAllocator.cpp **** 		{
 324:src/MemoryAllocator.cpp **** 			ptr1->prev->next = ptr1->next;
 325:src/MemoryAllocator.cpp **** 			//used_mem_head = ptr1->prev;
 326:src/MemoryAllocator.cpp **** 		}
 327:src/MemoryAllocator.cpp ****         if(ptr1->next != nullptr)
 328:src/MemoryAllocator.cpp **** 		{
 329:src/MemoryAllocator.cpp **** 			ptr1->next->prev = ptr1->prev;
 330:src/MemoryAllocator.cpp **** 			//if(ptr1->prev == nullptr) used_mem_head = ptr1->next;
 331:src/MemoryAllocator.cpp **** 		}
 332:src/MemoryAllocator.cpp **** 		if(ptr1->prev == nullptr && ptr1->next == nullptr && ptr1 == used_mem_head) used_mem_head = nullp
 333:src/MemoryAllocator.cpp ****         else if(ptr1 == used_mem_head && ptr1->next != nullptr) used_mem_head = ptr1->next;
 334:src/MemoryAllocator.cpp ****         else if(ptr1 == used_mem_head && ptr1->prev != nullptr) used_mem_head = ptr1->prev;
 335:src/MemoryAllocator.cpp ****         ptr1->next = ptr1->prev = nullptr;
 336:src/MemoryAllocator.cpp **** 
 337:src/MemoryAllocator.cpp ****         if(free_mem_head != nullptr)
 338:src/MemoryAllocator.cpp ****         {
 339:src/MemoryAllocator.cpp ****             auto free = free_mem_head;
 340:src/MemoryAllocator.cpp ****             while(free->next != nullptr){ free = free->next; }
 341:src/MemoryAllocator.cpp ****             free->next = ptr1;
 342:src/MemoryAllocator.cpp ****             ptr1->prev = free;
 343:src/MemoryAllocator.cpp ****             ptr1->next = nullptr;
 344:src/MemoryAllocator.cpp ****         }
 345:src/MemoryAllocator.cpp ****         else
 346:src/MemoryAllocator.cpp ****         {
 347:src/MemoryAllocator.cpp ****             free_mem_head = ptr1;
 348:src/MemoryAllocator.cpp ****         }
 349:src/MemoryAllocator.cpp **** 		// move free head here - check if ANY instance of free behind our used memory, and if not, then s
 350:src/MemoryAllocator.cpp **** 		if((uint64)free_mem_head > (uint64)ptr1) free_mem_head = ptr1;
 351:src/MemoryAllocator.cpp **** 
 352:src/MemoryAllocator.cpp ****         return 0;
 353:src/MemoryAllocator.cpp ****     }
GAS LISTING /tmp/ccKyAMg2.s 			page 26


 354:src/MemoryAllocator.cpp **** 
 355:src/MemoryAllocator.cpp **** }
 827              		.loc 1 355 1
 828 04c8 03348100 		ld	s0,8(sp)
 829              		.cfi_remember_state
 830              		.cfi_restore 8
 831              		.cfi_def_cfa 2, 16
 832 04cc 13010101 		addi	sp,sp,16
 833              		.cfi_def_cfa_offset 0
 834 04d0 67800000 		jr	ra
 835              	.LVL54:
 836              	.L98:
 837              		.cfi_restore_state
 838              	.LBB34:
 266:src/MemoryAllocator.cpp **** 				{
 839              		.loc 1 266 14 is_stmt 1
 266:src/MemoryAllocator.cpp **** 				{
 840              		.loc 1 266 23 is_stmt 0
 841 04d4 03B78600 		ld	a4,8(a3)
 266:src/MemoryAllocator.cpp **** 				{
 842              		.loc 1 266 14
 843 04d8 63060700 		beqz	a4,.L65
 268:src/MemoryAllocator.cpp **** 					//used_mem_head = ptr1->prev;//--------------------------here
 844              		.loc 1 268 6 is_stmt 1
 268:src/MemoryAllocator.cpp **** 					//used_mem_head = ptr1->prev;//--------------------------here
 845              		.loc 1 268 31 is_stmt 0
 846 04dc 033685FE 		ld	a2,-24(a0)
 268:src/MemoryAllocator.cpp **** 					//used_mem_head = ptr1->prev;//--------------------------here
 847              		.loc 1 268 23
 848 04e0 2330C700 		sd	a2,0(a4)
 849              	.LVL55:
 850              	.L65:
 271:src/MemoryAllocator.cpp **** 				{
 851              		.loc 1 271 14 is_stmt 1
 271:src/MemoryAllocator.cpp **** 				{
 852              		.loc 1 271 23 is_stmt 0
 853 04e4 033785FE 		ld	a4,-24(a0)
 271:src/MemoryAllocator.cpp **** 				{
 854              		.loc 1 271 14
 855 04e8 63060700 		beqz	a4,.L66
 273:src/MemoryAllocator.cpp **** 					//if(ptr1->prev == nullptr) used_mem_head = ptr1->next;
 856              		.loc 1 273 6 is_stmt 1
 273:src/MemoryAllocator.cpp **** 					//if(ptr1->prev == nullptr) used_mem_head = ptr1->next;
 857              		.loc 1 273 31 is_stmt 0
 858 04ec 03B68600 		ld	a2,8(a3)
 273:src/MemoryAllocator.cpp **** 					//if(ptr1->prev == nullptr) used_mem_head = ptr1->next;
 859              		.loc 1 273 23
 860 04f0 2334C700 		sd	a2,8(a4)
 861              	.L66:
 276:src/MemoryAllocator.cpp ****                 else if(ptr1 == used_mem_head && ptr1->next != nullptr) used_mem_head = ptr1->next;
 862              		.loc 1 276 5 is_stmt 1
 276:src/MemoryAllocator.cpp ****                 else if(ptr1 == used_mem_head && ptr1->next != nullptr) used_mem_head = ptr1->next;
 863              		.loc 1 276 14 is_stmt 0
 864 04f4 03B68600 		ld	a2,8(a3)
 276:src/MemoryAllocator.cpp ****                 else if(ptr1 == used_mem_head && ptr1->next != nullptr) used_mem_head = ptr1->next;
 865              		.loc 1 276 5
 866 04f8 630E0606 		beqz	a2,.L102
GAS LISTING /tmp/ccKyAMg2.s 			page 27


 867              	.L67:
 277:src/MemoryAllocator.cpp ****                 else if(ptr1 == used_mem_head && ptr1->prev != nullptr) used_mem_head = ptr1->prev;
 868              		.loc 1 277 22 is_stmt 1
 277:src/MemoryAllocator.cpp ****                 else if(ptr1 == used_mem_head && ptr1->prev != nullptr) used_mem_head = ptr1->prev;
 869              		.loc 1 277 30 is_stmt 0
 870 04fc 17070000 		ld	a4,.LANCHOR0+8
 870      03370700 
 277:src/MemoryAllocator.cpp ****                 else if(ptr1 == used_mem_head && ptr1->prev != nullptr) used_mem_head = ptr1->prev;
 871              		.loc 1 277 22
 872 0504 63080709 		beq	a4,a6,.L103
 873              	.L69:
 278:src/MemoryAllocator.cpp **** 	            ptr1->next = ptr1->prev = nullptr;
 874              		.loc 1 278 22 is_stmt 1
 875 0508 6300070B 		beq	a4,a6,.L104
 876              	.L68:
 279:src/MemoryAllocator.cpp **** 
 877              		.loc 1 279 14
 279:src/MemoryAllocator.cpp **** 
 878              		.loc 1 279 38 is_stmt 0
 879 050c 23B40600 		sd	zero,8(a3)
 279:src/MemoryAllocator.cpp **** 
 880              		.loc 1 279 25
 881 0510 233405FE 		sd	zero,-24(a0)
 281:src/MemoryAllocator.cpp **** 	            ptr1->next = free->next;
 882              		.loc 1 281 14 is_stmt 1
 281:src/MemoryAllocator.cpp **** 	            ptr1->next = free->next;
 883              		.loc 1 281 33 is_stmt 0
 884 0514 03B78700 		ld	a4,8(a5)
 281:src/MemoryAllocator.cpp **** 	            ptr1->next = free->next;
 885              		.loc 1 281 25
 886 0518 23B4E600 		sd	a4,8(a3)
 282:src/MemoryAllocator.cpp **** 	            ptr1->size += ( free->size + sizeof(mem_header) ); //lets see here
 887              		.loc 1 282 14 is_stmt 1
 282:src/MemoryAllocator.cpp **** 	            ptr1->size += ( free->size + sizeof(mem_header) ); //lets see here
 888              		.loc 1 282 33 is_stmt 0
 889 051c 03B70700 		ld	a4,0(a5)
 282:src/MemoryAllocator.cpp **** 	            ptr1->size += ( free->size + sizeof(mem_header) ); //lets see here
 890              		.loc 1 282 25
 891 0520 2334E5FE 		sd	a4,-24(a0)
 283:src/MemoryAllocator.cpp **** 
 892              		.loc 1 283 14 is_stmt 1
 283:src/MemoryAllocator.cpp **** 
 893              		.loc 1 283 36 is_stmt 0
 894 0524 03B70701 		ld	a4,16(a5)
 283:src/MemoryAllocator.cpp **** 
 895              		.loc 1 283 25
 896 0528 03B60601 		ld	a2,16(a3)
 897 052c 3307C700 		add	a4,a4,a2
 898 0530 13078701 		addi	a4,a4,24
 899 0534 23B8E600 		sd	a4,16(a3)
 285:src/MemoryAllocator.cpp **** 	            if(free->next != nullptr)free->next->prev = ptr1;
 900              		.loc 1 285 14 is_stmt 1
 285:src/MemoryAllocator.cpp **** 	            if(free->next != nullptr)free->next->prev = ptr1;
 901              		.loc 1 285 23 is_stmt 0
 902 0538 03B78700 		ld	a4,8(a5)
 285:src/MemoryAllocator.cpp **** 	            if(free->next != nullptr)free->next->prev = ptr1;
 903              		.loc 1 285 14
GAS LISTING /tmp/ccKyAMg2.s 			page 28


 904 053c 63040700 		beqz	a4,.L70
 285:src/MemoryAllocator.cpp **** 	            if(free->next != nullptr)free->next->prev = ptr1;
 905              		.loc 1 285 39 is_stmt 1 discriminator 1
 285:src/MemoryAllocator.cpp **** 	            if(free->next != nullptr)free->next->prev = ptr1;
 906              		.loc 1 285 56 is_stmt 0 discriminator 1
 907 0540 2330D700 		sd	a3,0(a4)
 908              	.L70:
 286:src/MemoryAllocator.cpp ****                 free->next = free->prev = nullptr;
 909              		.loc 1 286 14 is_stmt 1
 286:src/MemoryAllocator.cpp ****                 free->next = free->prev = nullptr;
 910              		.loc 1 286 23 is_stmt 0
 911 0544 03B70700 		ld	a4,0(a5)
 286:src/MemoryAllocator.cpp ****                 free->next = free->prev = nullptr;
 912              		.loc 1 286 14
 913 0548 63040700 		beqz	a4,.L71
 286:src/MemoryAllocator.cpp ****                 free->next = free->prev = nullptr;
 914              		.loc 1 286 39 is_stmt 1 discriminator 1
 286:src/MemoryAllocator.cpp ****                 free->next = free->prev = nullptr;
 915              		.loc 1 286 56 is_stmt 0 discriminator 1
 916 054c 2334D700 		sd	a3,8(a4)
 917              	.L71:
 287:src/MemoryAllocator.cpp **** 
 918              		.loc 1 287 17 is_stmt 1
 287:src/MemoryAllocator.cpp **** 
 919              		.loc 1 287 41 is_stmt 0
 920 0550 23B40700 		sd	zero,8(a5)
 287:src/MemoryAllocator.cpp **** 
 921              		.loc 1 287 28
 922 0554 23B00700 		sd	zero,0(a5)
 290:src/MemoryAllocator.cpp **** 
 923              		.loc 1 290 5 is_stmt 1
 290:src/MemoryAllocator.cpp **** 
 924              		.loc 1 290 30 is_stmt 0
 925 0558 97070000 		ld	a5,.LANCHOR0
 925      83B70700 
 926              	.LVL56:
 290:src/MemoryAllocator.cpp **** 
 927              		.loc 1 290 5
 928 0560 63F6F600 		bgeu	a3,a5,.L72
 290:src/MemoryAllocator.cpp **** 
 929              		.loc 1 290 46 is_stmt 1 discriminator 1
 290:src/MemoryAllocator.cpp **** 
 930              		.loc 1 290 60 is_stmt 0 discriminator 1
 931 0564 97070000 		sd	a3,.LANCHOR0,a5
 931      23B0D700 
 932              	.L72:
 292:src/MemoryAllocator.cpp ****           }else //ptr doesnt connect to back of free, and free doesnt connect to back of ptr, so pt
 933              		.loc 1 292 17 is_stmt 1
 292:src/MemoryAllocator.cpp ****           }else //ptr doesnt connect to back of free, and free doesnt connect to back of ptr, so pt
 934              		.loc 1 292 24 is_stmt 0
 935 056c 13050000 		li	a0,0
 936              	.LVL57:
 937 0570 6FF09FF5 		j	.L50
 938              	.LVL58:
 939              	.L102:
 276:src/MemoryAllocator.cpp ****                 else if(ptr1 == used_mem_head && ptr1->next != nullptr) used_mem_head = ptr1->next;
 940              		.loc 1 276 39 discriminator 1
GAS LISTING /tmp/ccKyAMg2.s 			page 29


 941 0574 033785FE 		ld	a4,-24(a0)
 276:src/MemoryAllocator.cpp ****                 else if(ptr1 == used_mem_head && ptr1->next != nullptr) used_mem_head = ptr1->next;
 942              		.loc 1 276 30 discriminator 1
 943 0578 E31207F8 		bnez	a4,.L67
 276:src/MemoryAllocator.cpp ****                 else if(ptr1 == used_mem_head && ptr1->next != nullptr) used_mem_head = ptr1->next;
 944              		.loc 1 276 63 discriminator 2
 945 057c 17070000 		ld	a4,.LANCHOR0+8
 945      03370700 
 276:src/MemoryAllocator.cpp ****                 else if(ptr1 == used_mem_head && ptr1->next != nullptr) used_mem_head = ptr1->next;
 946              		.loc 1 276 55 discriminator 2
 947 0584 E31C07F7 		bne	a4,a6,.L67
 276:src/MemoryAllocator.cpp ****                 else if(ptr1 == used_mem_head && ptr1->next != nullptr) used_mem_head = ptr1->next;
 948              		.loc 1 276 81 is_stmt 1 discriminator 3
 276:src/MemoryAllocator.cpp ****                 else if(ptr1 == used_mem_head && ptr1->next != nullptr) used_mem_head = ptr1->next;
 949              		.loc 1 276 95 is_stmt 0 discriminator 3
 950 0588 17070000 		sd	zero,.LANCHOR0+8,a4
 950      23300700 
 951 0590 6FF0DFF7 		j	.L68
 952              	.L103:
 277:src/MemoryAllocator.cpp ****                 else if(ptr1 == used_mem_head && ptr1->prev != nullptr) used_mem_head = ptr1->prev;
 953              		.loc 1 277 56 discriminator 1
 954 0594 833585FE 		ld	a1,-24(a0)
 277:src/MemoryAllocator.cpp ****                 else if(ptr1 == used_mem_head && ptr1->prev != nullptr) used_mem_head = ptr1->prev;
 955              		.loc 1 277 47 discriminator 1
 956 0598 E38805F6 		beqz	a1,.L69
 277:src/MemoryAllocator.cpp ****                 else if(ptr1 == used_mem_head && ptr1->prev != nullptr) used_mem_head = ptr1->prev;
 957              		.loc 1 277 73 is_stmt 1 discriminator 2
 277:src/MemoryAllocator.cpp ****                 else if(ptr1 == used_mem_head && ptr1->prev != nullptr) used_mem_head = ptr1->prev;
 958              		.loc 1 277 87 is_stmt 0 discriminator 2
 959 059c 17070000 		sd	a1,.LANCHOR0+8,a4
 959      2330B700 
 960 05a4 6FF09FF6 		j	.L68
 961              	.L104:
 278:src/MemoryAllocator.cpp **** 	            ptr1->next = ptr1->prev = nullptr;
 962              		.loc 1 278 47 discriminator 1
 963 05a8 E30206F6 		beqz	a2,.L68
 278:src/MemoryAllocator.cpp **** 	            ptr1->next = ptr1->prev = nullptr;
 964              		.loc 1 278 73 is_stmt 1 discriminator 2
 278:src/MemoryAllocator.cpp **** 	            ptr1->next = ptr1->prev = nullptr;
 965              		.loc 1 278 87 is_stmt 0 discriminator 2
 966 05ac 17070000 		sd	a2,.LANCHOR0+8,a4
 966      2330C700 
 967 05b4 6FF09FF5 		j	.L68
 968              	.L99:
 305:src/MemoryAllocator.cpp ****                 else if(ptr1 == used_mem_head && ptr1->next != nullptr) used_mem_head = ptr1->next;
 969              		.loc 1 305 39 discriminator 1
 970 05b8 033785FE 		ld	a4,-24(a0)
 305:src/MemoryAllocator.cpp ****                 else if(ptr1 == used_mem_head && ptr1->next != nullptr) used_mem_head = ptr1->next;
 971              		.loc 1 305 30 discriminator 1
 972 05bc E31207EC 		bnez	a4,.L75
 305:src/MemoryAllocator.cpp ****                 else if(ptr1 == used_mem_head && ptr1->next != nullptr) used_mem_head = ptr1->next;
 973              		.loc 1 305 63 discriminator 2
 974 05c0 17070000 		ld	a4,.LANCHOR0+8
 974      03370700 
 305:src/MemoryAllocator.cpp ****                 else if(ptr1 == used_mem_head && ptr1->next != nullptr) used_mem_head = ptr1->next;
 975              		.loc 1 305 55 discriminator 2
 976 05c8 E31C07EB 		bne	a4,a6,.L75
GAS LISTING /tmp/ccKyAMg2.s 			page 30


 305:src/MemoryAllocator.cpp ****                 else if(ptr1 == used_mem_head && ptr1->next != nullptr) used_mem_head = ptr1->next;
 977              		.loc 1 305 81 is_stmt 1 discriminator 3
 305:src/MemoryAllocator.cpp ****                 else if(ptr1 == used_mem_head && ptr1->next != nullptr) used_mem_head = ptr1->next;
 978              		.loc 1 305 95 is_stmt 0 discriminator 3
 979 05cc 17070000 		sd	zero,.LANCHOR0+8,a4
 979      23300700 
 980 05d4 6FF0DFEB 		j	.L76
 981              	.L100:
 306:src/MemoryAllocator.cpp ****                 else if(ptr1 == used_mem_head && ptr1->prev != nullptr) used_mem_head = ptr1->prev;
 982              		.loc 1 306 56 discriminator 1
 983 05d8 833585FE 		ld	a1,-24(a0)
 306:src/MemoryAllocator.cpp ****                 else if(ptr1 == used_mem_head && ptr1->prev != nullptr) used_mem_head = ptr1->prev;
 984              		.loc 1 306 47 discriminator 1
 985 05dc E38805EA 		beqz	a1,.L77
 306:src/MemoryAllocator.cpp ****                 else if(ptr1 == used_mem_head && ptr1->prev != nullptr) used_mem_head = ptr1->prev;
 986              		.loc 1 306 73 is_stmt 1 discriminator 2
 306:src/MemoryAllocator.cpp ****                 else if(ptr1 == used_mem_head && ptr1->prev != nullptr) used_mem_head = ptr1->prev;
 987              		.loc 1 306 87 is_stmt 0 discriminator 2
 988 05e0 17070000 		sd	a1,.LANCHOR0+8,a4
 988      2330B700 
 989 05e8 6FF09FEA 		j	.L76
 990              	.L101:
 307:src/MemoryAllocator.cpp **** 	            ptr1->next = ptr1->prev = nullptr;
 991              		.loc 1 307 47 discriminator 1
 992 05ec E30206EA 		beqz	a2,.L76
 307:src/MemoryAllocator.cpp **** 	            ptr1->next = ptr1->prev = nullptr;
 993              		.loc 1 307 73 is_stmt 1 discriminator 2
 307:src/MemoryAllocator.cpp **** 	            ptr1->next = ptr1->prev = nullptr;
 994              		.loc 1 307 87 is_stmt 0 discriminator 2
 995 05f0 17070000 		sd	a2,.LANCHOR0+8,a4
 995      2330C700 
 996 05f8 6FF09FE9 		j	.L76
 997              	.LVL59:
 998              	.L63:
 999              	.LBB30:
 322:src/MemoryAllocator.cpp **** 		{
 1000              		.loc 1 322 9 is_stmt 1
 322:src/MemoryAllocator.cpp **** 		{
 1001              		.loc 1 322 18 is_stmt 0
 1002 05fc 83B78600 		ld	a5,8(a3)
 1003              	.LVL60:
 322:src/MemoryAllocator.cpp **** 		{
 1004              		.loc 1 322 9
 1005 0600 63860700 		beqz	a5,.L80
 324:src/MemoryAllocator.cpp **** 			//used_mem_head = ptr1->prev;
 1006              		.loc 1 324 4 is_stmt 1
 324:src/MemoryAllocator.cpp **** 			//used_mem_head = ptr1->prev;
 1007              		.loc 1 324 29 is_stmt 0
 1008 0604 033785FE 		ld	a4,-24(a0)
 324:src/MemoryAllocator.cpp **** 			//used_mem_head = ptr1->prev;
 1009              		.loc 1 324 21
 1010 0608 23B0E700 		sd	a4,0(a5)
 1011              	.L80:
 327:src/MemoryAllocator.cpp **** 		{
 1012              		.loc 1 327 9 is_stmt 1
 327:src/MemoryAllocator.cpp **** 		{
 1013              		.loc 1 327 18 is_stmt 0
GAS LISTING /tmp/ccKyAMg2.s 			page 31


 1014 060c 833785FE 		ld	a5,-24(a0)
 327:src/MemoryAllocator.cpp **** 		{
 1015              		.loc 1 327 9
 1016 0610 63860700 		beqz	a5,.L81
 329:src/MemoryAllocator.cpp **** 			//if(ptr1->prev == nullptr) used_mem_head = ptr1->next;
 1017              		.loc 1 329 4 is_stmt 1
 329:src/MemoryAllocator.cpp **** 			//if(ptr1->prev == nullptr) used_mem_head = ptr1->next;
 1018              		.loc 1 329 29 is_stmt 0
 1019 0614 03B78600 		ld	a4,8(a3)
 329:src/MemoryAllocator.cpp **** 			//if(ptr1->prev == nullptr) used_mem_head = ptr1->next;
 1020              		.loc 1 329 21
 1021 0618 23B4E700 		sd	a4,8(a5)
 1022              	.L81:
 332:src/MemoryAllocator.cpp ****         else if(ptr1 == used_mem_head && ptr1->next != nullptr) used_mem_head = ptr1->next;
 1023              		.loc 1 332 3 is_stmt 1
 332:src/MemoryAllocator.cpp ****         else if(ptr1 == used_mem_head && ptr1->next != nullptr) used_mem_head = ptr1->next;
 1024              		.loc 1 332 12 is_stmt 0
 1025 061c 03B78600 		ld	a4,8(a3)
 332:src/MemoryAllocator.cpp ****         else if(ptr1 == used_mem_head && ptr1->next != nullptr) used_mem_head = ptr1->next;
 1026              		.loc 1 332 3
 1027 0620 630E0704 		beqz	a4,.L105
 1028              	.L82:
 333:src/MemoryAllocator.cpp ****         else if(ptr1 == used_mem_head && ptr1->prev != nullptr) used_mem_head = ptr1->prev;
 1029              		.loc 1 333 14 is_stmt 1
 333:src/MemoryAllocator.cpp ****         else if(ptr1 == used_mem_head && ptr1->prev != nullptr) used_mem_head = ptr1->prev;
 1030              		.loc 1 333 22 is_stmt 0
 1031 0624 97070000 		ld	a5,.LANCHOR0+8
 1031      83B70700 
 333:src/MemoryAllocator.cpp ****         else if(ptr1 == used_mem_head && ptr1->prev != nullptr) used_mem_head = ptr1->prev;
 1032              		.loc 1 333 14
 1033 062c 63880707 		beq	a5,a6,.L106
 1034              	.L84:
 334:src/MemoryAllocator.cpp ****         ptr1->next = ptr1->prev = nullptr;
 1035              		.loc 1 334 14 is_stmt 1
 1036 0630 63800709 		beq	a5,a6,.L107
 1037              	.L83:
 335:src/MemoryAllocator.cpp **** 
 1038              		.loc 1 335 9
 335:src/MemoryAllocator.cpp **** 
 1039              		.loc 1 335 33 is_stmt 0
 1040 0634 23B40600 		sd	zero,8(a3)
 335:src/MemoryAllocator.cpp **** 
 1041              		.loc 1 335 20
 1042 0638 233405FE 		sd	zero,-24(a0)
 337:src/MemoryAllocator.cpp ****         {
 1043              		.loc 1 337 9 is_stmt 1
 1044              	.LBB31:
 337:src/MemoryAllocator.cpp ****         {
 1045              		.loc 1 337 26 is_stmt 0
 1046 063c 97070000 		ld	a5,.LANCHOR0
 1046      83B70700 
 337:src/MemoryAllocator.cpp ****         {
 1047              		.loc 1 337 9
 1048 0644 638E0706 		beqz	a5,.L85
 1049              	.L86:
 1050              	.LVL61:
 1051              	.LBB32:
GAS LISTING /tmp/ccKyAMg2.s 			page 32


 340:src/MemoryAllocator.cpp ****             free->next = ptr1;
 1052              		.loc 1 340 13 is_stmt 1 discriminator 2
 340:src/MemoryAllocator.cpp ****             free->next = ptr1;
 1053              		.loc 1 340 30 discriminator 2
 1054 0648 13870700 		mv	a4,a5
 340:src/MemoryAllocator.cpp ****             free->next = ptr1;
 1055              		.loc 1 340 25 is_stmt 0 discriminator 2
 1056 064c 83B70700 		ld	a5,0(a5)
 1057              	.LVL62:
 340:src/MemoryAllocator.cpp ****             free->next = ptr1;
 1058              		.loc 1 340 30 discriminator 2
 1059 0650 E39C07FE 		bnez	a5,.L86
 341:src/MemoryAllocator.cpp ****             ptr1->prev = free;
 1060              		.loc 1 341 13 is_stmt 1
 341:src/MemoryAllocator.cpp ****             ptr1->prev = free;
 1061              		.loc 1 341 24 is_stmt 0
 1062 0654 2330D700 		sd	a3,0(a4)
 342:src/MemoryAllocator.cpp ****             ptr1->next = nullptr;
 1063              		.loc 1 342 13 is_stmt 1
 342:src/MemoryAllocator.cpp ****             ptr1->next = nullptr;
 1064              		.loc 1 342 24 is_stmt 0
 1065 0658 23B4E600 		sd	a4,8(a3)
 343:src/MemoryAllocator.cpp ****         }
 1066              		.loc 1 343 13 is_stmt 1
 343:src/MemoryAllocator.cpp ****         }
 1067              		.loc 1 343 24 is_stmt 0
 1068 065c 233405FE 		sd	zero,-24(a0)
 1069              	.LVL63:
 1070              	.L87:
 1071              	.LBE32:
 1072              	.LBE31:
 350:src/MemoryAllocator.cpp **** 
 1073              		.loc 1 350 3 is_stmt 1
 350:src/MemoryAllocator.cpp **** 
 1074              		.loc 1 350 28 is_stmt 0
 1075 0660 97070000 		ld	a5,.LANCHOR0
 1075      83B70700 
 350:src/MemoryAllocator.cpp **** 
 1076              		.loc 1 350 3
 1077 0668 63F6F600 		bgeu	a3,a5,.L88
 350:src/MemoryAllocator.cpp **** 
 1078              		.loc 1 350 44 is_stmt 1 discriminator 1
 350:src/MemoryAllocator.cpp **** 
 1079              		.loc 1 350 58 is_stmt 0 discriminator 1
 1080 066c 97070000 		sd	a3,.LANCHOR0,a5
 1080      23B0D700 
 1081              	.L88:
 352:src/MemoryAllocator.cpp ****     }
 1082              		.loc 1 352 9 is_stmt 1
 352:src/MemoryAllocator.cpp ****     }
 1083              		.loc 1 352 16 is_stmt 0
 1084 0674 13050000 		li	a0,0
 1085              	.LVL64:
 1086 0678 6FF01FE5 		j	.L50
 1087              	.LVL65:
 1088              	.L105:
 332:src/MemoryAllocator.cpp ****         else if(ptr1 == used_mem_head && ptr1->next != nullptr) used_mem_head = ptr1->next;
GAS LISTING /tmp/ccKyAMg2.s 			page 33


 1089              		.loc 1 332 37 discriminator 1
 1090 067c 833785FE 		ld	a5,-24(a0)
 332:src/MemoryAllocator.cpp ****         else if(ptr1 == used_mem_head && ptr1->next != nullptr) used_mem_head = ptr1->next;
 1091              		.loc 1 332 28 discriminator 1
 1092 0680 E39207FA 		bnez	a5,.L82
 332:src/MemoryAllocator.cpp ****         else if(ptr1 == used_mem_head && ptr1->next != nullptr) used_mem_head = ptr1->next;
 1093              		.loc 1 332 61 discriminator 2
 1094 0684 97070000 		ld	a5,.LANCHOR0+8
 1094      83B70700 
 332:src/MemoryAllocator.cpp ****         else if(ptr1 == used_mem_head && ptr1->next != nullptr) used_mem_head = ptr1->next;
 1095              		.loc 1 332 53 discriminator 2
 1096 068c E39C07F9 		bne	a5,a6,.L82
 332:src/MemoryAllocator.cpp ****         else if(ptr1 == used_mem_head && ptr1->next != nullptr) used_mem_head = ptr1->next;
 1097              		.loc 1 332 79 is_stmt 1 discriminator 3
 332:src/MemoryAllocator.cpp ****         else if(ptr1 == used_mem_head && ptr1->next != nullptr) used_mem_head = ptr1->next;
 1098              		.loc 1 332 93 is_stmt 0 discriminator 3
 1099 0690 97070000 		sd	zero,.LANCHOR0+8,a5
 1099      23B00700 
 1100 0698 6FF0DFF9 		j	.L83
 1101              	.L106:
 333:src/MemoryAllocator.cpp ****         else if(ptr1 == used_mem_head && ptr1->prev != nullptr) used_mem_head = ptr1->prev;
 1102              		.loc 1 333 48 discriminator 1
 1103 069c 033685FE 		ld	a2,-24(a0)
 333:src/MemoryAllocator.cpp ****         else if(ptr1 == used_mem_head && ptr1->prev != nullptr) used_mem_head = ptr1->prev;
 1104              		.loc 1 333 39 discriminator 1
 1105 06a0 E30806F8 		beqz	a2,.L84
 333:src/MemoryAllocator.cpp ****         else if(ptr1 == used_mem_head && ptr1->prev != nullptr) used_mem_head = ptr1->prev;
 1106              		.loc 1 333 65 is_stmt 1 discriminator 2
 333:src/MemoryAllocator.cpp ****         else if(ptr1 == used_mem_head && ptr1->prev != nullptr) used_mem_head = ptr1->prev;
 1107              		.loc 1 333 79 is_stmt 0 discriminator 2
 1108 06a4 97070000 		sd	a2,.LANCHOR0+8,a5
 1108      23B0C700 
 1109 06ac 6FF09FF8 		j	.L83
 1110              	.L107:
 334:src/MemoryAllocator.cpp ****         ptr1->next = ptr1->prev = nullptr;
 1111              		.loc 1 334 39 discriminator 1
 1112 06b0 E30207F8 		beqz	a4,.L83
 334:src/MemoryAllocator.cpp ****         ptr1->next = ptr1->prev = nullptr;
 1113              		.loc 1 334 65 is_stmt 1 discriminator 2
 334:src/MemoryAllocator.cpp ****         ptr1->next = ptr1->prev = nullptr;
 1114              		.loc 1 334 79 is_stmt 0 discriminator 2
 1115 06b4 97070000 		sd	a4,.LANCHOR0+8,a5
 1115      23B0E700 
 1116 06bc 6FF09FF7 		j	.L83
 1117              	.L85:
 1118              	.LBB33:
 347:src/MemoryAllocator.cpp ****         }
 1119              		.loc 1 347 13 is_stmt 1
 347:src/MemoryAllocator.cpp ****         }
 1120              		.loc 1 347 27 is_stmt 0
 1121 06c0 97070000 		sd	a3,.LANCHOR0,a5
 1121      23B0D700 
 1122 06c8 6FF09FF9 		j	.L87
 1123              	.LVL66:
 1124              	.L89:
 1125              	.LBE33:
 1126              	.LBE30:
GAS LISTING /tmp/ccKyAMg2.s 			page 34


 1127              	.LBE34:
 199:src/MemoryAllocator.cpp ****     if(used_mem_head == nullptr) return -2;
 1128              		.loc 1 199 112
 1129 06cc 1305F0FF 		li	a0,-1
 1130              	.LVL67:
 1131 06d0 6FF09FDF 		j	.L50
 1132              	.LVL68:
 1133              	.L90:
 1134 06d4 1305F0FF 		li	a0,-1
 1135              	.LVL69:
 1136 06d8 6FF01FDF 		j	.L50
 1137              	.LVL70:
 1138              	.L91:
 1139 06dc 1305F0FF 		li	a0,-1
 1140              	.LVL71:
 1141 06e0 6FF09FDE 		j	.L50
 1142              	.LVL72:
 1143              	.L92:
 200:src/MemoryAllocator.cpp ****     //replace ptrs
 1144              		.loc 1 200 42
 1145 06e4 1305E0FF 		li	a0,-2
 1146              	.LVL73:
 1147 06e8 6FF01FDE 		j	.L50
 1148              		.cfi_endproc
 1149              	.LFE43:
 1151              		.align	2
 1152              		.globl	_ZN15MemoryAllocator18mem_get_free_spaceEv
 1154              	_ZN15MemoryAllocator18mem_get_free_spaceEv:
 1155              	.LFB44:
 356:src/MemoryAllocator.cpp **** 
 357:src/MemoryAllocator.cpp **** 
 358:src/MemoryAllocator.cpp **** //QUARANTINE---------------------------------------------------------------------------------------
 359:src/MemoryAllocator.cpp **** 
 360:src/MemoryAllocator.cpp **** 
 361:src/MemoryAllocator.cpp **** size_t MemoryAllocator::mem_get_free_space()
 362:src/MemoryAllocator.cpp **** {
 1156              		.loc 1 362 1 is_stmt 1
 1157              		.cfi_startproc
 1158 06ec 130101FF 		addi	sp,sp,-16
 1159              		.cfi_def_cfa_offset 16
 1160 06f0 23348100 		sd	s0,8(sp)
 1161              		.cfi_offset 8, -8
 1162 06f4 13040101 		addi	s0,sp,16
 1163              		.cfi_def_cfa 8, 0
 363:src/MemoryAllocator.cpp **** 	size_t free_space = 0;
 1164              		.loc 1 363 2
 1165              	.LVL74:
 364:src/MemoryAllocator.cpp **** 	mem_header* curr = free_mem_head;
 1166              		.loc 1 364 2
 1167              		.loc 1 364 14 is_stmt 0
 1168 06f8 97070000 		ld	a5,.LANCHOR0
 1168      83B70700 
 1169              	.LVL75:
 363:src/MemoryAllocator.cpp **** 	size_t free_space = 0;
 1170              		.loc 1 363 9
 1171 0700 13050000 		li	a0,0
 1172              	.LVL76:
GAS LISTING /tmp/ccKyAMg2.s 			page 35


 1173              	.L110:
 365:src/MemoryAllocator.cpp **** 	while(curr != nullptr)
 1174              		.loc 1 365 2 is_stmt 1
 1175              		.loc 1 365 13
 1176 0704 638A0700 		beqz	a5,.L108
 366:src/MemoryAllocator.cpp **** 	{
 367:src/MemoryAllocator.cpp **** 		free_space += curr->size;
 1177              		.loc 1 367 3
 1178              		.loc 1 367 23 is_stmt 0
 1179 0708 03B70701 		ld	a4,16(a5)
 1180              		.loc 1 367 14
 1181 070c 3305E500 		add	a0,a0,a4
 1182              	.LVL77:
 368:src/MemoryAllocator.cpp **** 		curr = curr->next;
 1183              		.loc 1 368 3 is_stmt 1
 1184              		.loc 1 368 8 is_stmt 0
 1185 0710 83B70700 		ld	a5,0(a5)
 1186              	.LVL78:
 365:src/MemoryAllocator.cpp **** 	while(curr != nullptr)
 1187              		.loc 1 365 2
 1188 0714 6FF01FFF 		j	.L110
 1189              	.L108:
 369:src/MemoryAllocator.cpp **** 	}
 370:src/MemoryAllocator.cpp **** 	return free_space;
 371:src/MemoryAllocator.cpp **** }
 1190              		.loc 1 371 1
 1191 0718 03348100 		ld	s0,8(sp)
 1192              		.cfi_restore 8
 1193              		.cfi_def_cfa 2, 16
 1194 071c 13010101 		addi	sp,sp,16
 1195              		.cfi_def_cfa_offset 0
 1196 0720 67800000 		jr	ra
 1197              		.cfi_endproc
 1198              	.LFE44:
 1200              		.align	2
 1201              		.globl	_ZN15MemoryAllocator26mem_get_largest_free_blockEv
 1203              	_ZN15MemoryAllocator26mem_get_largest_free_blockEv:
 1204              	.LFB45:
 372:src/MemoryAllocator.cpp **** size_t MemoryAllocator::mem_get_largest_free_block()
 373:src/MemoryAllocator.cpp **** {
 1205              		.loc 1 373 1 is_stmt 1
 1206              		.cfi_startproc
 1207 0724 130101FF 		addi	sp,sp,-16
 1208              		.cfi_def_cfa_offset 16
 1209 0728 23348100 		sd	s0,8(sp)
 1210              		.cfi_offset 8, -8
 1211 072c 13040101 		addi	s0,sp,16
 1212              		.cfi_def_cfa 8, 0
 374:src/MemoryAllocator.cpp **** 	size_t largest_free_block = 0;
 1213              		.loc 1 374 2
 1214              	.LVL79:
 375:src/MemoryAllocator.cpp **** 	mem_header* curr = free_mem_head;
 1215              		.loc 1 375 2
 1216              		.loc 1 375 14 is_stmt 0
 1217 0730 97070000 		ld	a5,.LANCHOR0
 1217      83B70700 
 1218              	.LVL80:
GAS LISTING /tmp/ccKyAMg2.s 			page 36


 374:src/MemoryAllocator.cpp **** 	size_t largest_free_block = 0;
 1219              		.loc 1 374 9
 1220 0738 13050000 		li	a0,0
 1221 073c 6F008000 		j	.L115
 1222              	.LVL81:
 1223              	.L114:
 376:src/MemoryAllocator.cpp **** 	while(curr != nullptr)
 377:src/MemoryAllocator.cpp **** 	{
 378:src/MemoryAllocator.cpp **** 		if(curr->size > largest_free_block) largest_free_block = curr->size;
 379:src/MemoryAllocator.cpp **** 		curr = curr->next;
 1224              		.loc 1 379 3 is_stmt 1
 1225              		.loc 1 379 8 is_stmt 0
 1226 0740 83B70700 		ld	a5,0(a5)
 1227              	.LVL82:
 1228              	.L115:
 376:src/MemoryAllocator.cpp **** 	while(curr != nullptr)
 1229              		.loc 1 376 2 is_stmt 1
 376:src/MemoryAllocator.cpp **** 	while(curr != nullptr)
 1230              		.loc 1 376 13
 1231 0744 638A0700 		beqz	a5,.L112
 378:src/MemoryAllocator.cpp **** 		curr = curr->next;
 1232              		.loc 1 378 3
 378:src/MemoryAllocator.cpp **** 		curr = curr->next;
 1233              		.loc 1 378 12 is_stmt 0
 1234 0748 03B70701 		ld	a4,16(a5)
 378:src/MemoryAllocator.cpp **** 		curr = curr->next;
 1235              		.loc 1 378 3
 1236 074c E37AE5FE 		bleu	a4,a0,.L114
 378:src/MemoryAllocator.cpp **** 		curr = curr->next;
 1237              		.loc 1 378 58
 1238 0750 13050700 		mv	a0,a4
 1239              	.LVL83:
 1240 0754 6FF0DFFE 		j	.L114
 1241              	.LVL84:
 1242              	.L112:
 380:src/MemoryAllocator.cpp **** 	}
 381:src/MemoryAllocator.cpp **** 	return largest_free_block;
 382:src/MemoryAllocator.cpp **** }...
 1243              		.loc 1 382 1
 1244 0758 03348100 		ld	s0,8(sp)
 1245              		.cfi_restore 8
 1246              		.cfi_def_cfa 2, 16
 1247 075c 13010101 		addi	sp,sp,16
 1248              		.cfi_def_cfa_offset 0
 1249 0760 67800000 		jr	ra
 1250              		.cfi_endproc
 1251              	.LFE45:
 1253              		.globl	_ZN15MemoryAllocator13used_mem_headE
 1254              		.globl	_ZN15MemoryAllocator13free_mem_headE
 1255              		.bss
 1256              		.align	3
 1257              		.set	.LANCHOR0,. + 0
 1260              	_ZN15MemoryAllocator13free_mem_headE:
 1261 0000 00000000 		.zero	8
 1261      00000000 
 1264              	_ZN15MemoryAllocator13used_mem_headE:
 1265 0008 00000000 		.zero	8
GAS LISTING /tmp/ccKyAMg2.s 			page 37


 1265      00000000 
 1266              		.text
 1267              	.Letext0:
 1268              		.file 2 "src/../h/../lib/hw.h"
 1269              		.file 3 "src/../h/MemoryAllocator.h"
 1270              		.file 4 "src/../h/syscall_c.h"
 1271              		.file 5 "src/printing.hpp"
GAS LISTING /tmp/ccKyAMg2.s 			page 38


DEFINED SYMBOLS
                            *ABS*:0000000000000000 MemoryAllocator.cpp
     /tmp/ccKyAMg2.s:17     .text:0000000000000000 _ZN15MemoryAllocator9mem_allocEm
     /tmp/ccKyAMg2.s:21     .text:0000000000000000 .L0 
     /tmp/ccKyAMg2.s:23     .text:0000000000000000 .L0 
     /tmp/ccKyAMg2.s:24     .text:0000000000000004 .L0 
     /tmp/ccKyAMg2.s:31     .text:000000000000001c .L0 
     /tmp/ccKyAMg2.s:32     .text:000000000000001c .L0 
     /tmp/ccKyAMg2.s:33     .text:000000000000001c .L0 
     /tmp/ccKyAMg2.s:34     .text:000000000000001c .L0 
     /tmp/ccKyAMg2.s:35     .text:000000000000001c .L0 
     /tmp/ccKyAMg2.s:36     .text:000000000000001c .L0 
     /tmp/ccKyAMg2.s:38     .text:0000000000000020 .L0 
     /tmp/ccKyAMg2.s:40     .text:0000000000000020 .L0 
     /tmp/ccKyAMg2.s:43     .text:0000000000000028 .L0 
     /tmp/ccKyAMg2.s:44     .text:0000000000000028 .L0 
     /tmp/ccKyAMg2.s:45     .text:0000000000000028 .L0 
     /tmp/ccKyAMg2.s:47     .text:000000000000002c .L0 
     /tmp/ccKyAMg2.s:49     .text:0000000000000030 .L0 
     /tmp/ccKyAMg2.s:52     .text:0000000000000038 .L0 
     /tmp/ccKyAMg2.s:53     .text:0000000000000038 .L0 
     /tmp/ccKyAMg2.s:55     .text:000000000000003c .L0 
     /tmp/ccKyAMg2.s:61     .text:0000000000000044 .L0 
     /tmp/ccKyAMg2.s:66     .text:0000000000000048 .L0 
     /tmp/ccKyAMg2.s:67     .text:0000000000000048 .L0 
     /tmp/ccKyAMg2.s:74     .text:0000000000000054 .L0 
     /tmp/ccKyAMg2.s:75     .text:0000000000000054 .L0 
     /tmp/ccKyAMg2.s:81     .text:0000000000000064 .L0 
     /tmp/ccKyAMg2.s:82     .text:0000000000000064 .L0 
     /tmp/ccKyAMg2.s:84     .text:0000000000000068 .L0 
     /tmp/ccKyAMg2.s:93     .text:000000000000006c .L0 
     /tmp/ccKyAMg2.s:98     .text:0000000000000070 .L0 
     /tmp/ccKyAMg2.s:99     .text:0000000000000070 .L0 
     /tmp/ccKyAMg2.s:103    .text:0000000000000074 .L0 
     /tmp/ccKyAMg2.s:106    .text:0000000000000078 .L0 
     /tmp/ccKyAMg2.s:107    .text:0000000000000078 .L0 
     /tmp/ccKyAMg2.s:111    .text:0000000000000084 .L0 
     /tmp/ccKyAMg2.s:114    .text:0000000000000090 .L0 
     /tmp/ccKyAMg2.s:116    .text:0000000000000094 .L0 
     /tmp/ccKyAMg2.s:117    .text:0000000000000094 .L0 
     /tmp/ccKyAMg2.s:120    .text:00000000000000a0 .L0 
     /tmp/ccKyAMg2.s:122    .text:00000000000000a4 .L0 
     /tmp/ccKyAMg2.s:123    .text:00000000000000a4 .L0 
     /tmp/ccKyAMg2.s:132    .text:00000000000000b8 .L0 
     /tmp/ccKyAMg2.s:133    .text:00000000000000b8 .L0 
     /tmp/ccKyAMg2.s:134    .text:00000000000000b8 .L0 
     /tmp/ccKyAMg2.s:135    .text:00000000000000b8 .L0 
     /tmp/ccKyAMg2.s:137    .text:00000000000000bc .L0 
     /tmp/ccKyAMg2.s:139    .text:00000000000000c0 .L0 
     /tmp/ccKyAMg2.s:140    .text:00000000000000c0 .L0 
     /tmp/ccKyAMg2.s:143    .text:00000000000000c4 .L0 
     /tmp/ccKyAMg2.s:144    .text:00000000000000c4 .L0 
     /tmp/ccKyAMg2.s:146    .text:00000000000000c8 .L0 
     /tmp/ccKyAMg2.s:148    .text:00000000000000cc .L0 
     /tmp/ccKyAMg2.s:149    .text:00000000000000cc .L0 
     /tmp/ccKyAMg2.s:152    .text:00000000000000d0 .L0 
     /tmp/ccKyAMg2.s:153    .text:00000000000000d0 .L0 
GAS LISTING /tmp/ccKyAMg2.s 			page 39


     /tmp/ccKyAMg2.s:155    .text:00000000000000d4 .L0 
     /tmp/ccKyAMg2.s:157    .text:00000000000000d8 .L0 
     /tmp/ccKyAMg2.s:158    .text:00000000000000d8 .L0 
     /tmp/ccKyAMg2.s:160    .text:00000000000000dc .L0 
     /tmp/ccKyAMg2.s:162    .text:00000000000000e0 .L0 
     /tmp/ccKyAMg2.s:163    .text:00000000000000e0 .L0 
     /tmp/ccKyAMg2.s:165    .text:00000000000000e4 .L0 
     /tmp/ccKyAMg2.s:167    .text:00000000000000e8 .L0 
     /tmp/ccKyAMg2.s:169    .text:00000000000000ec .L0 
     /tmp/ccKyAMg2.s:171    .text:00000000000000f0 .L0 
     /tmp/ccKyAMg2.s:172    .text:00000000000000f0 .L0 
     /tmp/ccKyAMg2.s:175    .text:00000000000000f8 .L0 
     /tmp/ccKyAMg2.s:177    .text:00000000000000fc .L0 
     /tmp/ccKyAMg2.s:182    .text:0000000000000104 .L0 
     /tmp/ccKyAMg2.s:183    .text:0000000000000104 .L0 
     /tmp/ccKyAMg2.s:188    .text:0000000000000110 .L0 
     /tmp/ccKyAMg2.s:192    .text:0000000000000114 .L0 
     /tmp/ccKyAMg2.s:193    .text:0000000000000114 .L0 
     /tmp/ccKyAMg2.s:195    .text:0000000000000118 .L0 
     /tmp/ccKyAMg2.s:197    .text:000000000000011c .L0 
     /tmp/ccKyAMg2.s:200    .text:0000000000000120 .L0 
     /tmp/ccKyAMg2.s:202    .text:0000000000000124 .L0 
     /tmp/ccKyAMg2.s:204    .text:0000000000000128 .L0 
     /tmp/ccKyAMg2.s:206    .text:000000000000012c .L0 
     /tmp/ccKyAMg2.s:207    .text:000000000000012c .L0 
     /tmp/ccKyAMg2.s:209    .text:0000000000000130 .L0 
     /tmp/ccKyAMg2.s:211    .text:0000000000000134 .L0 
     /tmp/ccKyAMg2.s:212    .text:0000000000000134 .L0 
     /tmp/ccKyAMg2.s:214    .text:0000000000000138 .L0 
     /tmp/ccKyAMg2.s:215    .text:0000000000000138 .L0 
     /tmp/ccKyAMg2.s:217    .text:000000000000013c .L0 
     /tmp/ccKyAMg2.s:220    .text:0000000000000140 .L0 
     /tmp/ccKyAMg2.s:221    .text:0000000000000140 .L0 
     /tmp/ccKyAMg2.s:223    .text:0000000000000144 .L0 
     /tmp/ccKyAMg2.s:224    .text:0000000000000144 .L0 
     /tmp/ccKyAMg2.s:229    .text:000000000000014c .L0 
     /tmp/ccKyAMg2.s:234    .text:0000000000000154 .L0 
     /tmp/ccKyAMg2.s:235    .text:0000000000000154 .L0 
     /tmp/ccKyAMg2.s:237    .text:0000000000000158 .L0 
     /tmp/ccKyAMg2.s:239    .text:000000000000015c .L0 
     /tmp/ccKyAMg2.s:240    .text:000000000000015c .L0 
     /tmp/ccKyAMg2.s:242    .text:0000000000000160 .L0 
     /tmp/ccKyAMg2.s:244    .text:0000000000000164 .L0 
     /tmp/ccKyAMg2.s:246    .text:0000000000000168 .L0 
     /tmp/ccKyAMg2.s:247    .text:0000000000000168 .L0 
     /tmp/ccKyAMg2.s:250    .text:000000000000016c .L0 
     /tmp/ccKyAMg2.s:251    .text:000000000000016c .L0 
     /tmp/ccKyAMg2.s:253    .text:0000000000000170 .L0 
     /tmp/ccKyAMg2.s:254    .text:0000000000000170 .L0 
     /tmp/ccKyAMg2.s:258    .text:0000000000000174 .L0 
     /tmp/ccKyAMg2.s:259    .text:0000000000000174 .L0 
     /tmp/ccKyAMg2.s:261    .text:0000000000000178 .L0 
     /tmp/ccKyAMg2.s:262    .text:0000000000000178 .L0 
     /tmp/ccKyAMg2.s:270    .text:000000000000017c .L0 
     /tmp/ccKyAMg2.s:272    .text:0000000000000184 .L0 
     /tmp/ccKyAMg2.s:273    .text:0000000000000184 .L0 
     /tmp/ccKyAMg2.s:275    .text:0000000000000188 .L0 
GAS LISTING /tmp/ccKyAMg2.s 			page 40


     /tmp/ccKyAMg2.s:276    .text:0000000000000188 .L0 
     /tmp/ccKyAMg2.s:278    .text:000000000000018c .L0 
     /tmp/ccKyAMg2.s:280    .text:0000000000000190 .L0 
     /tmp/ccKyAMg2.s:282    .text:0000000000000194 .L0 
     /tmp/ccKyAMg2.s:284    .text:0000000000000198 .L0 
     /tmp/ccKyAMg2.s:286    .text:000000000000019c .L0 
     /tmp/ccKyAMg2.s:290    .text:00000000000001a0 .L0 
     /tmp/ccKyAMg2.s:296    .text:00000000000001a0 .L0 
     /tmp/ccKyAMg2.s:298    .text:00000000000001a4 .L0 
     /tmp/ccKyAMg2.s:299    .text:00000000000001a4 .L0 
     /tmp/ccKyAMg2.s:302    .text:00000000000001a8 .L0 
     /tmp/ccKyAMg2.s:303    .text:00000000000001a8 .L0 
     /tmp/ccKyAMg2.s:306    .text:00000000000001b0 .L0 
     /tmp/ccKyAMg2.s:307    .text:00000000000001b0 .L0 
     /tmp/ccKyAMg2.s:313    .text:00000000000001b8 .L0 
     /tmp/ccKyAMg2.s:314    .text:00000000000001b8 .L0 
     /tmp/ccKyAMg2.s:318    .text:00000000000001c0 .L0 
     /tmp/ccKyAMg2.s:319    .text:00000000000001c0 .L0 
     /tmp/ccKyAMg2.s:321    .text:00000000000001c8 .L0 
     /tmp/ccKyAMg2.s:322    .text:00000000000001c8 .L0 
     /tmp/ccKyAMg2.s:330    .text:00000000000001d0 .L0 
     /tmp/ccKyAMg2.s:331    .text:00000000000001d0 .L0 
     /tmp/ccKyAMg2.s:333    .text:00000000000001d4 .L0 
     /tmp/ccKyAMg2.s:335    .text:00000000000001d8 .L0 
     /tmp/ccKyAMg2.s:336    .text:00000000000001d8 .L0 
     /tmp/ccKyAMg2.s:338    .text:00000000000001dc .L0 
     /tmp/ccKyAMg2.s:341    .text:00000000000001e0 .L0 
     /tmp/ccKyAMg2.s:342    .text:00000000000001e0 .L0 
     /tmp/ccKyAMg2.s:344    .text:00000000000001e4 .L0 
     /tmp/ccKyAMg2.s:346    .text:00000000000001e8 .L0 
     /tmp/ccKyAMg2.s:347    .text:00000000000001e8 .L0 
     /tmp/ccKyAMg2.s:349    .text:00000000000001ec .L0 
     /tmp/ccKyAMg2.s:351    .text:00000000000001f0 .L0 
     /tmp/ccKyAMg2.s:354    .text:00000000000001f4 .L0 
     /tmp/ccKyAMg2.s:355    .text:00000000000001f4 .L0 
     /tmp/ccKyAMg2.s:357    .text:00000000000001f8 .L0 
     /tmp/ccKyAMg2.s:359    .text:00000000000001fc .L0 
     /tmp/ccKyAMg2.s:360    .text:00000000000001fc .L0 
     /tmp/ccKyAMg2.s:363    .text:0000000000000208 .L0 
     /tmp/ccKyAMg2.s:365    .text:000000000000020c .L0 
     /tmp/ccKyAMg2.s:367    .text:0000000000000214 .L0 
     /tmp/ccKyAMg2.s:371    .text:0000000000000218 .L0 
     /tmp/ccKyAMg2.s:372    .text:0000000000000218 .L0 
     /tmp/ccKyAMg2.s:373    .text:0000000000000218 .L0 
     /tmp/ccKyAMg2.s:376    .text:0000000000000220 .L0 
     /tmp/ccKyAMg2.s:378    .text:0000000000000224 .L0 
     /tmp/ccKyAMg2.s:383    .text:000000000000022c .L0 
     /tmp/ccKyAMg2.s:384    .text:000000000000022c .L0 
     /tmp/ccKyAMg2.s:386    .text:0000000000000230 .L0 
     /tmp/ccKyAMg2.s:390    .text:000000000000023c .L0 
     /tmp/ccKyAMg2.s:391    .text:000000000000023c .L0 
     /tmp/ccKyAMg2.s:396    .text:0000000000000248 .L0 
     /tmp/ccKyAMg2.s:400    .text:000000000000024c .L0 
     /tmp/ccKyAMg2.s:401    .text:000000000000024c .L0 
     /tmp/ccKyAMg2.s:403    .text:0000000000000250 .L0 
     /tmp/ccKyAMg2.s:405    .text:0000000000000254 .L0 
     /tmp/ccKyAMg2.s:408    .text:0000000000000258 .L0 
GAS LISTING /tmp/ccKyAMg2.s 			page 41


     /tmp/ccKyAMg2.s:410    .text:000000000000025c .L0 
     /tmp/ccKyAMg2.s:412    .text:0000000000000260 .L0 
     /tmp/ccKyAMg2.s:414    .text:0000000000000264 .L0 
     /tmp/ccKyAMg2.s:415    .text:0000000000000264 .L0 
     /tmp/ccKyAMg2.s:417    .text:0000000000000268 .L0 
     /tmp/ccKyAMg2.s:419    .text:000000000000026c .L0 
     /tmp/ccKyAMg2.s:420    .text:000000000000026c .L0 
     /tmp/ccKyAMg2.s:422    .text:0000000000000270 .L0 
     /tmp/ccKyAMg2.s:423    .text:0000000000000270 .L0 
     /tmp/ccKyAMg2.s:425    .text:0000000000000274 .L0 
     /tmp/ccKyAMg2.s:428    .text:0000000000000278 .L0 
     /tmp/ccKyAMg2.s:429    .text:0000000000000278 .L0 
     /tmp/ccKyAMg2.s:431    .text:000000000000027c .L0 
     /tmp/ccKyAMg2.s:432    .text:000000000000027c .L0 
     /tmp/ccKyAMg2.s:437    .text:0000000000000284 .L0 
     /tmp/ccKyAMg2.s:442    .text:000000000000028c .L0 
     /tmp/ccKyAMg2.s:443    .text:000000000000028c .L0 
     /tmp/ccKyAMg2.s:445    .text:0000000000000290 .L0 
     /tmp/ccKyAMg2.s:447    .text:0000000000000294 .L0 
     /tmp/ccKyAMg2.s:448    .text:0000000000000294 .L0 
     /tmp/ccKyAMg2.s:450    .text:0000000000000298 .L0 
     /tmp/ccKyAMg2.s:452    .text:000000000000029c .L0 
     /tmp/ccKyAMg2.s:454    .text:00000000000002a0 .L0 
     /tmp/ccKyAMg2.s:455    .text:00000000000002a0 .L0 
     /tmp/ccKyAMg2.s:458    .text:00000000000002a4 .L0 
     /tmp/ccKyAMg2.s:459    .text:00000000000002a4 .L0 
     /tmp/ccKyAMg2.s:461    .text:00000000000002a8 .L0 
     /tmp/ccKyAMg2.s:462    .text:00000000000002a8 .L0 
     /tmp/ccKyAMg2.s:466    .text:00000000000002ac .L0 
     /tmp/ccKyAMg2.s:467    .text:00000000000002ac .L0 
     /tmp/ccKyAMg2.s:470    .text:00000000000002b0 .L0 
     /tmp/ccKyAMg2.s:474    .text:00000000000002b4 .L0 
     /tmp/ccKyAMg2.s:476    .text:00000000000002b8 .L0 
     /tmp/ccKyAMg2.s:477    .text:00000000000002b8 .L0 
     /tmp/ccKyAMg2.s:480    .text:00000000000002bc .L0 
     /tmp/ccKyAMg2.s:481    .text:00000000000002bc .L0 
     /tmp/ccKyAMg2.s:484    .text:00000000000002c4 .L0 
     /tmp/ccKyAMg2.s:485    .text:00000000000002c4 .L0 
     /tmp/ccKyAMg2.s:491    .text:00000000000002cc .L0 
     /tmp/ccKyAMg2.s:492    .text:00000000000002cc .L0 
     /tmp/ccKyAMg2.s:496    .text:00000000000002d4 .L0 
     /tmp/ccKyAMg2.s:497    .text:00000000000002d4 .L0 
     /tmp/ccKyAMg2.s:499    .text:00000000000002dc .L0 
     /tmp/ccKyAMg2.s:508    .text:00000000000002e0 .L0 
     /tmp/ccKyAMg2.s:510    .text:00000000000002e8 .L0 
     /tmp/ccKyAMg2.s:516    .text:00000000000002e8 _ZN15MemoryAllocator8mem_freeEPv
     /tmp/ccKyAMg2.s:519    .text:00000000000002e8 .L0 
     /tmp/ccKyAMg2.s:521    .text:00000000000002e8 .L0 
     /tmp/ccKyAMg2.s:522    .text:00000000000002ec .L0 
     /tmp/ccKyAMg2.s:524    .text:00000000000002f0 .L0 
     /tmp/ccKyAMg2.s:526    .text:00000000000002f4 .L0 
     /tmp/ccKyAMg2.s:528    .text:00000000000002f4 .L0 
     /tmp/ccKyAMg2.s:530    .text:00000000000002f8 .L0 
     /tmp/ccKyAMg2.s:533    .text:0000000000000304 .L0 
     /tmp/ccKyAMg2.s:535    .text:0000000000000308 .L0 
     /tmp/ccKyAMg2.s:538    .text:0000000000000314 .L0 
     /tmp/ccKyAMg2.s:540    .text:0000000000000318 .L0 
GAS LISTING /tmp/ccKyAMg2.s 			page 42


     /tmp/ccKyAMg2.s:541    .text:0000000000000318 .L0 
     /tmp/ccKyAMg2.s:543    .text:0000000000000320 .L0 
     /tmp/ccKyAMg2.s:545    .text:0000000000000324 .L0 
     /tmp/ccKyAMg2.s:546    .text:0000000000000324 .L0 
     /tmp/ccKyAMg2.s:548    .text:0000000000000328 .L0 
     /tmp/ccKyAMg2.s:551    .text:000000000000032c .L0 
     /tmp/ccKyAMg2.s:552    .text:000000000000032c .L0 
     /tmp/ccKyAMg2.s:555    .text:0000000000000330 .L0 
     /tmp/ccKyAMg2.s:556    .text:0000000000000330 .L0 
     /tmp/ccKyAMg2.s:565    .text:000000000000033c .L0 
     /tmp/ccKyAMg2.s:567    .text:0000000000000340 .L0 
     /tmp/ccKyAMg2.s:569    .text:0000000000000344 .L0 
     /tmp/ccKyAMg2.s:571    .text:000000000000034c .L0 
     /tmp/ccKyAMg2.s:573    .text:0000000000000350 .L0 
     /tmp/ccKyAMg2.s:574    .text:0000000000000350 .L0 
     /tmp/ccKyAMg2.s:578    .text:000000000000035c .L0 
     /tmp/ccKyAMg2.s:580    .text:0000000000000360 .L0 
     /tmp/ccKyAMg2.s:582    .text:0000000000000364 .L0 
     /tmp/ccKyAMg2.s:583    .text:0000000000000364 .L0 
     /tmp/ccKyAMg2.s:587    .text:0000000000000370 .L0 
     /tmp/ccKyAMg2.s:589    .text:0000000000000374 .L0 
     /tmp/ccKyAMg2.s:590    .text:0000000000000374 .L0 
     /tmp/ccKyAMg2.s:597    .text:0000000000000380 .L0 
     /tmp/ccKyAMg2.s:598    .text:0000000000000380 .L0 
     /tmp/ccKyAMg2.s:600    .text:0000000000000384 .L0 
     /tmp/ccKyAMg2.s:605    .text:0000000000000390 .L0 
     /tmp/ccKyAMg2.s:606    .text:0000000000000390 .L0 
     /tmp/ccKyAMg2.s:607    .text:0000000000000390 .L0 
     /tmp/ccKyAMg2.s:609    .text:0000000000000394 .L0 
     /tmp/ccKyAMg2.s:611    .text:0000000000000398 .L0 
     /tmp/ccKyAMg2.s:612    .text:0000000000000398 .L0 
     /tmp/ccKyAMg2.s:615    .text:000000000000039c .L0 
     /tmp/ccKyAMg2.s:616    .text:000000000000039c .L0 
     /tmp/ccKyAMg2.s:618    .text:00000000000003a0 .L0 
     /tmp/ccKyAMg2.s:620    .text:00000000000003a4 .L0 
     /tmp/ccKyAMg2.s:622    .text:00000000000003a8 .L0 
     /tmp/ccKyAMg2.s:623    .text:00000000000003a8 .L0 
     /tmp/ccKyAMg2.s:626    .text:00000000000003ac .L0 
     /tmp/ccKyAMg2.s:627    .text:00000000000003ac .L0 
     /tmp/ccKyAMg2.s:629    .text:00000000000003b0 .L0 
     /tmp/ccKyAMg2.s:635    .text:00000000000003b8 .L0 
     /tmp/ccKyAMg2.s:636    .text:00000000000003b8 .L0 
     /tmp/ccKyAMg2.s:645    .text:00000000000003c0 .L0 
     /tmp/ccKyAMg2.s:646    .text:00000000000003c0 .L0 
     /tmp/ccKyAMg2.s:652    .text:00000000000003c4 .L0 
     /tmp/ccKyAMg2.s:653    .text:00000000000003c4 .L0 
     /tmp/ccKyAMg2.s:655    .text:00000000000003c8 .L0 
     /tmp/ccKyAMg2.s:657    .text:00000000000003cc .L0 
     /tmp/ccKyAMg2.s:662    .text:00000000000003d0 .L0 
     /tmp/ccKyAMg2.s:663    .text:00000000000003d0 .L0 
     /tmp/ccKyAMg2.s:665    .text:00000000000003d4 .L0 
     /tmp/ccKyAMg2.s:668    .text:00000000000003dc .L0 
     /tmp/ccKyAMg2.s:671    .text:00000000000003e0 .L0 
     /tmp/ccKyAMg2.s:672    .text:00000000000003e0 .L0 
     /tmp/ccKyAMg2.s:674    .text:00000000000003e4 .L0 
     /tmp/ccKyAMg2.s:676    .text:00000000000003e8 .L0 
     /tmp/ccKyAMg2.s:677    .text:00000000000003e8 .L0 
GAS LISTING /tmp/ccKyAMg2.s 			page 43


     /tmp/ccKyAMg2.s:679    .text:00000000000003ec .L0 
     /tmp/ccKyAMg2.s:682    .text:00000000000003f0 .L0 
     /tmp/ccKyAMg2.s:683    .text:00000000000003f0 .L0 
     /tmp/ccKyAMg2.s:685    .text:00000000000003f4 .L0 
     /tmp/ccKyAMg2.s:687    .text:00000000000003f8 .L0 
     /tmp/ccKyAMg2.s:688    .text:00000000000003f8 .L0 
     /tmp/ccKyAMg2.s:690    .text:00000000000003fc .L0 
     /tmp/ccKyAMg2.s:693    .text:0000000000000400 .L0 
     /tmp/ccKyAMg2.s:694    .text:0000000000000400 .L0 
     /tmp/ccKyAMg2.s:696    .text:0000000000000404 .L0 
     /tmp/ccKyAMg2.s:699    .text:0000000000000408 .L0 
     /tmp/ccKyAMg2.s:700    .text:0000000000000408 .L0 
     /tmp/ccKyAMg2.s:702    .text:0000000000000410 .L0 
     /tmp/ccKyAMg2.s:705    .text:0000000000000414 .L0 
     /tmp/ccKyAMg2.s:708    .text:0000000000000418 .L0 
     /tmp/ccKyAMg2.s:709    .text:0000000000000418 .L0 
     /tmp/ccKyAMg2.s:711    .text:000000000000041c .L0 
     /tmp/ccKyAMg2.s:713    .text:0000000000000420 .L0 
     /tmp/ccKyAMg2.s:714    .text:0000000000000420 .L0 
     /tmp/ccKyAMg2.s:721    .text:0000000000000430 .L0 
     /tmp/ccKyAMg2.s:722    .text:0000000000000430 .L0 
     /tmp/ccKyAMg2.s:725    .text:0000000000000438 .L0 
     /tmp/ccKyAMg2.s:728    .text:000000000000043c .L0 
     /tmp/ccKyAMg2.s:732    .text:0000000000000440 .L0 
     /tmp/ccKyAMg2.s:733    .text:0000000000000440 .L0 
     /tmp/ccKyAMg2.s:743    .text:0000000000000448 .L0 
     /tmp/ccKyAMg2.s:745    .text:000000000000044c .L0 
     /tmp/ccKyAMg2.s:746    .text:000000000000044c .L0 
     /tmp/ccKyAMg2.s:750    .text:0000000000000454 .L0 
     /tmp/ccKyAMg2.s:752    .text:0000000000000458 .L0 
     /tmp/ccKyAMg2.s:753    .text:0000000000000458 .L0 
     /tmp/ccKyAMg2.s:755    .text:000000000000045c .L0 
     /tmp/ccKyAMg2.s:757    .text:0000000000000460 .L0 
     /tmp/ccKyAMg2.s:758    .text:0000000000000460 .L0 
     /tmp/ccKyAMg2.s:760    .text:0000000000000464 .L0 
     /tmp/ccKyAMg2.s:764    .text:0000000000000468 .L0 
     /tmp/ccKyAMg2.s:765    .text:0000000000000468 .L0 
     /tmp/ccKyAMg2.s:767    .text:000000000000046c .L0 
     /tmp/ccKyAMg2.s:769    .text:0000000000000470 .L0 
     /tmp/ccKyAMg2.s:770    .text:0000000000000470 .L0 
     /tmp/ccKyAMg2.s:772    .text:0000000000000474 .L0 
     /tmp/ccKyAMg2.s:775    .text:0000000000000478 .L0 
     /tmp/ccKyAMg2.s:776    .text:0000000000000478 .L0 
     /tmp/ccKyAMg2.s:778    .text:000000000000047c .L0 
     /tmp/ccKyAMg2.s:781    .text:0000000000000480 .L0 
     /tmp/ccKyAMg2.s:782    .text:0000000000000480 .L0 
     /tmp/ccKyAMg2.s:784    .text:0000000000000488 .L0 
     /tmp/ccKyAMg2.s:787    .text:000000000000048c .L0 
     /tmp/ccKyAMg2.s:790    .text:0000000000000490 .L0 
     /tmp/ccKyAMg2.s:791    .text:0000000000000490 .L0 
     /tmp/ccKyAMg2.s:793    .text:0000000000000494 .L0 
     /tmp/ccKyAMg2.s:795    .text:0000000000000498 .L0 
     /tmp/ccKyAMg2.s:796    .text:0000000000000498 .L0 
     /tmp/ccKyAMg2.s:798    .text:000000000000049c .L0 
     /tmp/ccKyAMg2.s:800    .text:00000000000004a0 .L0 
     /tmp/ccKyAMg2.s:802    .text:00000000000004a4 .L0 
     /tmp/ccKyAMg2.s:803    .text:00000000000004a4 .L0 
GAS LISTING /tmp/ccKyAMg2.s 			page 44


     /tmp/ccKyAMg2.s:806    .text:00000000000004a8 .L0 
     /tmp/ccKyAMg2.s:807    .text:00000000000004a8 .L0 
     /tmp/ccKyAMg2.s:809    .text:00000000000004ac .L0 
     /tmp/ccKyAMg2.s:810    .text:00000000000004ac .L0 
     /tmp/ccKyAMg2.s:812    .text:00000000000004b0 .L0 
     /tmp/ccKyAMg2.s:813    .text:00000000000004b0 .L0 
     /tmp/ccKyAMg2.s:816    .text:00000000000004b8 .L0 
     /tmp/ccKyAMg2.s:818    .text:00000000000004bc .L0 
     /tmp/ccKyAMg2.s:819    .text:00000000000004bc .L0 
     /tmp/ccKyAMg2.s:822    .text:00000000000004c4 .L0 
     /tmp/ccKyAMg2.s:823    .text:00000000000004c4 .L0 
     /tmp/ccKyAMg2.s:828    .text:00000000000004c8 .L0 
     /tmp/ccKyAMg2.s:829    .text:00000000000004cc .L0 
     /tmp/ccKyAMg2.s:830    .text:00000000000004cc .L0 
     /tmp/ccKyAMg2.s:831    .text:00000000000004cc .L0 
     /tmp/ccKyAMg2.s:833    .text:00000000000004d0 .L0 
     /tmp/ccKyAMg2.s:837    .text:00000000000004d4 .L0 
     /tmp/ccKyAMg2.s:840    .text:00000000000004d4 .L0 
     /tmp/ccKyAMg2.s:841    .text:00000000000004d4 .L0 
     /tmp/ccKyAMg2.s:843    .text:00000000000004d8 .L0 
     /tmp/ccKyAMg2.s:845    .text:00000000000004dc .L0 
     /tmp/ccKyAMg2.s:846    .text:00000000000004dc .L0 
     /tmp/ccKyAMg2.s:848    .text:00000000000004e0 .L0 
     /tmp/ccKyAMg2.s:852    .text:00000000000004e4 .L0 
     /tmp/ccKyAMg2.s:853    .text:00000000000004e4 .L0 
     /tmp/ccKyAMg2.s:855    .text:00000000000004e8 .L0 
     /tmp/ccKyAMg2.s:857    .text:00000000000004ec .L0 
     /tmp/ccKyAMg2.s:858    .text:00000000000004ec .L0 
     /tmp/ccKyAMg2.s:860    .text:00000000000004f0 .L0 
     /tmp/ccKyAMg2.s:863    .text:00000000000004f4 .L0 
     /tmp/ccKyAMg2.s:864    .text:00000000000004f4 .L0 
     /tmp/ccKyAMg2.s:866    .text:00000000000004f8 .L0 
     /tmp/ccKyAMg2.s:869    .text:00000000000004fc .L0 
     /tmp/ccKyAMg2.s:870    .text:00000000000004fc .L0 
     /tmp/ccKyAMg2.s:872    .text:0000000000000504 .L0 
     /tmp/ccKyAMg2.s:875    .text:0000000000000508 .L0 
     /tmp/ccKyAMg2.s:878    .text:000000000000050c .L0 
     /tmp/ccKyAMg2.s:879    .text:000000000000050c .L0 
     /tmp/ccKyAMg2.s:881    .text:0000000000000510 .L0 
     /tmp/ccKyAMg2.s:883    .text:0000000000000514 .L0 
     /tmp/ccKyAMg2.s:884    .text:0000000000000514 .L0 
     /tmp/ccKyAMg2.s:886    .text:0000000000000518 .L0 
     /tmp/ccKyAMg2.s:888    .text:000000000000051c .L0 
     /tmp/ccKyAMg2.s:889    .text:000000000000051c .L0 
     /tmp/ccKyAMg2.s:891    .text:0000000000000520 .L0 
     /tmp/ccKyAMg2.s:893    .text:0000000000000524 .L0 
     /tmp/ccKyAMg2.s:894    .text:0000000000000524 .L0 
     /tmp/ccKyAMg2.s:896    .text:0000000000000528 .L0 
     /tmp/ccKyAMg2.s:901    .text:0000000000000538 .L0 
     /tmp/ccKyAMg2.s:902    .text:0000000000000538 .L0 
     /tmp/ccKyAMg2.s:904    .text:000000000000053c .L0 
     /tmp/ccKyAMg2.s:906    .text:0000000000000540 .L0 
     /tmp/ccKyAMg2.s:907    .text:0000000000000540 .L0 
     /tmp/ccKyAMg2.s:910    .text:0000000000000544 .L0 
     /tmp/ccKyAMg2.s:911    .text:0000000000000544 .L0 
     /tmp/ccKyAMg2.s:913    .text:0000000000000548 .L0 
     /tmp/ccKyAMg2.s:915    .text:000000000000054c .L0 
GAS LISTING /tmp/ccKyAMg2.s 			page 45


     /tmp/ccKyAMg2.s:916    .text:000000000000054c .L0 
     /tmp/ccKyAMg2.s:919    .text:0000000000000550 .L0 
     /tmp/ccKyAMg2.s:920    .text:0000000000000550 .L0 
     /tmp/ccKyAMg2.s:922    .text:0000000000000554 .L0 
     /tmp/ccKyAMg2.s:924    .text:0000000000000558 .L0 
     /tmp/ccKyAMg2.s:925    .text:0000000000000558 .L0 
     /tmp/ccKyAMg2.s:928    .text:0000000000000560 .L0 
     /tmp/ccKyAMg2.s:930    .text:0000000000000564 .L0 
     /tmp/ccKyAMg2.s:931    .text:0000000000000564 .L0 
     /tmp/ccKyAMg2.s:934    .text:000000000000056c .L0 
     /tmp/ccKyAMg2.s:935    .text:000000000000056c .L0 
     /tmp/ccKyAMg2.s:941    .text:0000000000000574 .L0 
     /tmp/ccKyAMg2.s:943    .text:0000000000000578 .L0 
     /tmp/ccKyAMg2.s:945    .text:000000000000057c .L0 
     /tmp/ccKyAMg2.s:947    .text:0000000000000584 .L0 
     /tmp/ccKyAMg2.s:949    .text:0000000000000588 .L0 
     /tmp/ccKyAMg2.s:950    .text:0000000000000588 .L0 
     /tmp/ccKyAMg2.s:954    .text:0000000000000594 .L0 
     /tmp/ccKyAMg2.s:956    .text:0000000000000598 .L0 
     /tmp/ccKyAMg2.s:958    .text:000000000000059c .L0 
     /tmp/ccKyAMg2.s:959    .text:000000000000059c .L0 
     /tmp/ccKyAMg2.s:963    .text:00000000000005a8 .L0 
     /tmp/ccKyAMg2.s:965    .text:00000000000005ac .L0 
     /tmp/ccKyAMg2.s:966    .text:00000000000005ac .L0 
     /tmp/ccKyAMg2.s:970    .text:00000000000005b8 .L0 
     /tmp/ccKyAMg2.s:972    .text:00000000000005bc .L0 
     /tmp/ccKyAMg2.s:974    .text:00000000000005c0 .L0 
     /tmp/ccKyAMg2.s:976    .text:00000000000005c8 .L0 
     /tmp/ccKyAMg2.s:978    .text:00000000000005cc .L0 
     /tmp/ccKyAMg2.s:979    .text:00000000000005cc .L0 
     /tmp/ccKyAMg2.s:983    .text:00000000000005d8 .L0 
     /tmp/ccKyAMg2.s:985    .text:00000000000005dc .L0 
     /tmp/ccKyAMg2.s:987    .text:00000000000005e0 .L0 
     /tmp/ccKyAMg2.s:988    .text:00000000000005e0 .L0 
     /tmp/ccKyAMg2.s:992    .text:00000000000005ec .L0 
     /tmp/ccKyAMg2.s:994    .text:00000000000005f0 .L0 
     /tmp/ccKyAMg2.s:995    .text:00000000000005f0 .L0 
     /tmp/ccKyAMg2.s:1001   .text:00000000000005fc .L0 
     /tmp/ccKyAMg2.s:1002   .text:00000000000005fc .L0 
     /tmp/ccKyAMg2.s:1005   .text:0000000000000600 .L0 
     /tmp/ccKyAMg2.s:1007   .text:0000000000000604 .L0 
     /tmp/ccKyAMg2.s:1008   .text:0000000000000604 .L0 
     /tmp/ccKyAMg2.s:1010   .text:0000000000000608 .L0 
     /tmp/ccKyAMg2.s:1013   .text:000000000000060c .L0 
     /tmp/ccKyAMg2.s:1014   .text:000000000000060c .L0 
     /tmp/ccKyAMg2.s:1016   .text:0000000000000610 .L0 
     /tmp/ccKyAMg2.s:1018   .text:0000000000000614 .L0 
     /tmp/ccKyAMg2.s:1019   .text:0000000000000614 .L0 
     /tmp/ccKyAMg2.s:1021   .text:0000000000000618 .L0 
     /tmp/ccKyAMg2.s:1024   .text:000000000000061c .L0 
     /tmp/ccKyAMg2.s:1025   .text:000000000000061c .L0 
     /tmp/ccKyAMg2.s:1027   .text:0000000000000620 .L0 
     /tmp/ccKyAMg2.s:1030   .text:0000000000000624 .L0 
     /tmp/ccKyAMg2.s:1031   .text:0000000000000624 .L0 
     /tmp/ccKyAMg2.s:1033   .text:000000000000062c .L0 
     /tmp/ccKyAMg2.s:1036   .text:0000000000000630 .L0 
     /tmp/ccKyAMg2.s:1039   .text:0000000000000634 .L0 
GAS LISTING /tmp/ccKyAMg2.s 			page 46


     /tmp/ccKyAMg2.s:1040   .text:0000000000000634 .L0 
     /tmp/ccKyAMg2.s:1042   .text:0000000000000638 .L0 
     /tmp/ccKyAMg2.s:1045   .text:000000000000063c .L0 
     /tmp/ccKyAMg2.s:1046   .text:000000000000063c .L0 
     /tmp/ccKyAMg2.s:1048   .text:0000000000000644 .L0 
     /tmp/ccKyAMg2.s:1053   .text:0000000000000648 .L0 
     /tmp/ccKyAMg2.s:1054   .text:0000000000000648 .L0 
     /tmp/ccKyAMg2.s:1056   .text:000000000000064c .L0 
     /tmp/ccKyAMg2.s:1059   .text:0000000000000650 .L0 
     /tmp/ccKyAMg2.s:1061   .text:0000000000000654 .L0 
     /tmp/ccKyAMg2.s:1062   .text:0000000000000654 .L0 
     /tmp/ccKyAMg2.s:1064   .text:0000000000000658 .L0 
     /tmp/ccKyAMg2.s:1065   .text:0000000000000658 .L0 
     /tmp/ccKyAMg2.s:1067   .text:000000000000065c .L0 
     /tmp/ccKyAMg2.s:1068   .text:000000000000065c .L0 
     /tmp/ccKyAMg2.s:1074   .text:0000000000000660 .L0 
     /tmp/ccKyAMg2.s:1075   .text:0000000000000660 .L0 
     /tmp/ccKyAMg2.s:1077   .text:0000000000000668 .L0 
     /tmp/ccKyAMg2.s:1079   .text:000000000000066c .L0 
     /tmp/ccKyAMg2.s:1080   .text:000000000000066c .L0 
     /tmp/ccKyAMg2.s:1083   .text:0000000000000674 .L0 
     /tmp/ccKyAMg2.s:1084   .text:0000000000000674 .L0 
     /tmp/ccKyAMg2.s:1090   .text:000000000000067c .L0 
     /tmp/ccKyAMg2.s:1092   .text:0000000000000680 .L0 
     /tmp/ccKyAMg2.s:1094   .text:0000000000000684 .L0 
     /tmp/ccKyAMg2.s:1096   .text:000000000000068c .L0 
     /tmp/ccKyAMg2.s:1098   .text:0000000000000690 .L0 
     /tmp/ccKyAMg2.s:1099   .text:0000000000000690 .L0 
     /tmp/ccKyAMg2.s:1103   .text:000000000000069c .L0 
     /tmp/ccKyAMg2.s:1105   .text:00000000000006a0 .L0 
     /tmp/ccKyAMg2.s:1107   .text:00000000000006a4 .L0 
     /tmp/ccKyAMg2.s:1108   .text:00000000000006a4 .L0 
     /tmp/ccKyAMg2.s:1112   .text:00000000000006b0 .L0 
     /tmp/ccKyAMg2.s:1114   .text:00000000000006b4 .L0 
     /tmp/ccKyAMg2.s:1115   .text:00000000000006b4 .L0 
     /tmp/ccKyAMg2.s:1120   .text:00000000000006c0 .L0 
     /tmp/ccKyAMg2.s:1121   .text:00000000000006c0 .L0 
     /tmp/ccKyAMg2.s:1129   .text:00000000000006cc .L0 
     /tmp/ccKyAMg2.s:1145   .text:00000000000006e4 .L0 
     /tmp/ccKyAMg2.s:1148   .text:00000000000006ec .L0 
     /tmp/ccKyAMg2.s:1154   .text:00000000000006ec _ZN15MemoryAllocator18mem_get_free_spaceEv
     /tmp/ccKyAMg2.s:1157   .text:00000000000006ec .L0 
     /tmp/ccKyAMg2.s:1158   .text:00000000000006ec .L0 
     /tmp/ccKyAMg2.s:1159   .text:00000000000006f0 .L0 
     /tmp/ccKyAMg2.s:1161   .text:00000000000006f4 .L0 
     /tmp/ccKyAMg2.s:1163   .text:00000000000006f8 .L0 
     /tmp/ccKyAMg2.s:1166   .text:00000000000006f8 .L0 
     /tmp/ccKyAMg2.s:1167   .text:00000000000006f8 .L0 
     /tmp/ccKyAMg2.s:1168   .text:00000000000006f8 .L0 
     /tmp/ccKyAMg2.s:1171   .text:0000000000000700 .L0 
     /tmp/ccKyAMg2.s:1175   .text:0000000000000704 .L0 
     /tmp/ccKyAMg2.s:1176   .text:0000000000000704 .L0 
     /tmp/ccKyAMg2.s:1178   .text:0000000000000708 .L0 
     /tmp/ccKyAMg2.s:1179   .text:0000000000000708 .L0 
     /tmp/ccKyAMg2.s:1181   .text:000000000000070c .L0 
     /tmp/ccKyAMg2.s:1184   .text:0000000000000710 .L0 
     /tmp/ccKyAMg2.s:1185   .text:0000000000000710 .L0 
GAS LISTING /tmp/ccKyAMg2.s 			page 47


     /tmp/ccKyAMg2.s:1188   .text:0000000000000714 .L0 
     /tmp/ccKyAMg2.s:1191   .text:0000000000000718 .L0 
     /tmp/ccKyAMg2.s:1192   .text:000000000000071c .L0 
     /tmp/ccKyAMg2.s:1193   .text:000000000000071c .L0 
     /tmp/ccKyAMg2.s:1195   .text:0000000000000720 .L0 
     /tmp/ccKyAMg2.s:1197   .text:0000000000000724 .L0 
     /tmp/ccKyAMg2.s:1203   .text:0000000000000724 _ZN15MemoryAllocator26mem_get_largest_free_blockEv
     /tmp/ccKyAMg2.s:1206   .text:0000000000000724 .L0 
     /tmp/ccKyAMg2.s:1207   .text:0000000000000724 .L0 
     /tmp/ccKyAMg2.s:1208   .text:0000000000000728 .L0 
     /tmp/ccKyAMg2.s:1210   .text:000000000000072c .L0 
     /tmp/ccKyAMg2.s:1212   .text:0000000000000730 .L0 
     /tmp/ccKyAMg2.s:1215   .text:0000000000000730 .L0 
     /tmp/ccKyAMg2.s:1216   .text:0000000000000730 .L0 
     /tmp/ccKyAMg2.s:1217   .text:0000000000000730 .L0 
     /tmp/ccKyAMg2.s:1220   .text:0000000000000738 .L0 
     /tmp/ccKyAMg2.s:1225   .text:0000000000000740 .L0 
     /tmp/ccKyAMg2.s:1226   .text:0000000000000740 .L0 
     /tmp/ccKyAMg2.s:1230   .text:0000000000000744 .L0 
     /tmp/ccKyAMg2.s:1231   .text:0000000000000744 .L0 
     /tmp/ccKyAMg2.s:1233   .text:0000000000000748 .L0 
     /tmp/ccKyAMg2.s:1234   .text:0000000000000748 .L0 
     /tmp/ccKyAMg2.s:1236   .text:000000000000074c .L0 
     /tmp/ccKyAMg2.s:1238   .text:0000000000000750 .L0 
     /tmp/ccKyAMg2.s:1244   .text:0000000000000758 .L0 
     /tmp/ccKyAMg2.s:1245   .text:000000000000075c .L0 
     /tmp/ccKyAMg2.s:1246   .text:000000000000075c .L0 
     /tmp/ccKyAMg2.s:1248   .text:0000000000000760 .L0 
     /tmp/ccKyAMg2.s:1250   .text:0000000000000764 .L0 
     /tmp/ccKyAMg2.s:1264   .bss:0000000000000008 _ZN15MemoryAllocator13used_mem_headE
     /tmp/ccKyAMg2.s:1260   .bss:0000000000000000 _ZN15MemoryAllocator13free_mem_headE
     /tmp/ccKyAMg2.s:1257   .bss:0000000000000000 .LANCHOR0
     /tmp/ccKyAMg2.s:1272   .text:0000000000000764 .L0 
     /tmp/ccKyAMg2.s:67     .text:0000000000000048 .L0 
     /tmp/ccKyAMg2.s:8      .rodata.str1.8:0000000000000000 .LC0
     /tmp/ccKyAMg2.s:75     .text:0000000000000054 .L0 
     /tmp/ccKyAMg2.s:111    .text:0000000000000084 .L0 
     /tmp/ccKyAMg2.s:117    .text:0000000000000094 .L0 
     /tmp/ccKyAMg2.s:11     .rodata.str1.8:0000000000000010 .LC1
     /tmp/ccKyAMg2.s:123    .text:00000000000000a4 .L0 
     /tmp/ccKyAMg2.s:172    .text:00000000000000f0 .L0 
     /tmp/ccKyAMg2.s:183    .text:0000000000000104 .L0 
     /tmp/ccKyAMg2.s:303    .text:00000000000001a8 .L0 
     /tmp/ccKyAMg2.s:319    .text:00000000000001c0 .L0 
     /tmp/ccKyAMg2.s:360    .text:00000000000001fc .L0 
     /tmp/ccKyAMg2.s:365    .text:000000000000020c .L0 
     /tmp/ccKyAMg2.s:373    .text:0000000000000218 .L0 
     /tmp/ccKyAMg2.s:386    .text:0000000000000230 .L0 
     /tmp/ccKyAMg2.s:391    .text:000000000000023c .L0 
     /tmp/ccKyAMg2.s:481    .text:00000000000002bc .L0 
     /tmp/ccKyAMg2.s:497    .text:00000000000002d4 .L0 
     /tmp/ccKyAMg2.s:530    .text:00000000000002f8 .L0 
     /tmp/ccKyAMg2.s:535    .text:0000000000000308 .L0 
     /tmp/ccKyAMg2.s:541    .text:0000000000000318 .L0 
     /tmp/ccKyAMg2.s:556    .text:0000000000000330 .L0 
     /tmp/ccKyAMg2.s:569    .text:0000000000000344 .L0 
     /tmp/ccKyAMg2.s:574    .text:0000000000000350 .L0 
GAS LISTING /tmp/ccKyAMg2.s 			page 48


     /tmp/ccKyAMg2.s:583    .text:0000000000000364 .L0 
     /tmp/ccKyAMg2.s:590    .text:0000000000000374 .L0 
     /tmp/ccKyAMg2.s:700    .text:0000000000000408 .L0 
     /tmp/ccKyAMg2.s:782    .text:0000000000000480 .L0 
     /tmp/ccKyAMg2.s:813    .text:00000000000004b0 .L0 
     /tmp/ccKyAMg2.s:819    .text:00000000000004bc .L0 
     /tmp/ccKyAMg2.s:870    .text:00000000000004fc .L0 
     /tmp/ccKyAMg2.s:925    .text:0000000000000558 .L0 
     /tmp/ccKyAMg2.s:931    .text:0000000000000564 .L0 
     /tmp/ccKyAMg2.s:945    .text:000000000000057c .L0 
     /tmp/ccKyAMg2.s:950    .text:0000000000000588 .L0 
     /tmp/ccKyAMg2.s:959    .text:000000000000059c .L0 
     /tmp/ccKyAMg2.s:966    .text:00000000000005ac .L0 
     /tmp/ccKyAMg2.s:974    .text:00000000000005c0 .L0 
     /tmp/ccKyAMg2.s:979    .text:00000000000005cc .L0 
     /tmp/ccKyAMg2.s:988    .text:00000000000005e0 .L0 
     /tmp/ccKyAMg2.s:995    .text:00000000000005f0 .L0 
     /tmp/ccKyAMg2.s:1031   .text:0000000000000624 .L0 
     /tmp/ccKyAMg2.s:1046   .text:000000000000063c .L0 
     /tmp/ccKyAMg2.s:1075   .text:0000000000000660 .L0 
     /tmp/ccKyAMg2.s:1080   .text:000000000000066c .L0 
     /tmp/ccKyAMg2.s:1094   .text:0000000000000684 .L0 
     /tmp/ccKyAMg2.s:1099   .text:0000000000000690 .L0 
     /tmp/ccKyAMg2.s:1108   .text:00000000000006a4 .L0 
     /tmp/ccKyAMg2.s:1115   .text:00000000000006b4 .L0 
     /tmp/ccKyAMg2.s:1121   .text:00000000000006c0 .L0 
     /tmp/ccKyAMg2.s:1168   .text:00000000000006f8 .L0 
     /tmp/ccKyAMg2.s:1217   .text:0000000000000730 .L0 
     /tmp/ccKyAMg2.s:501    .text:00000000000002e0 .L37
     /tmp/ccKyAMg2.s:62     .text:0000000000000048 .L3
     /tmp/ccKyAMg2.s:59     .text:0000000000000044 .L38
     /tmp/ccKyAMg2.s:101    .text:0000000000000074 .L36
     /tmp/ccKyAMg2.s:127    .text:00000000000000b8 .L44
     /tmp/ccKyAMg2.s:325    .text:00000000000001d0 .L45
     /tmp/ccKyAMg2.s:264    .text:000000000000017c .L1
     /tmp/ccKyAMg2.s:71     .text:0000000000000054 .L46
     /tmp/ccKyAMg2.s:78     .text:0000000000000064 .L5
     /tmp/ccKyAMg2.s:180    .text:0000000000000104 .L7
     /tmp/ccKyAMg2.s:150    .text:00000000000000d0 .L9
     /tmp/ccKyAMg2.s:227    .text:000000000000014c .L39
     /tmp/ccKyAMg2.s:190    .text:0000000000000114 .L11
     /tmp/ccKyAMg2.s:141    .text:00000000000000c4 .L8
     /tmp/ccKyAMg2.s:198    .text:0000000000000120 .L10
     /tmp/ccKyAMg2.s:186    .text:0000000000000110 .L40
     /tmp/ccKyAMg2.s:232    .text:0000000000000154 .L12
     /tmp/ccKyAMg2.s:256    .text:0000000000000174 .L16
     /tmp/ccKyAMg2.s:316    .text:00000000000001c0 .L19
     /tmp/ccKyAMg2.s:289    .text:00000000000001a0 .L14
     /tmp/ccKyAMg2.s:248    .text:000000000000016c .L15
     /tmp/ccKyAMg2.s:311    .text:00000000000001b8 .L17
     /tmp/ccKyAMg2.s:300    .text:00000000000001a8 .L18
     /tmp/ccKyAMg2.s:218    .text:0000000000000140 .L20
     /tmp/ccKyAMg2.s:339    .text:00000000000001e0 .L22
     /tmp/ccKyAMg2.s:352    .text:00000000000001f4 .L23
     /tmp/ccKyAMg2.s:381    .text:000000000000022c .L47
     /tmp/ccKyAMg2.s:368    .text:0000000000000218 .L24
     /tmp/ccKyAMg2.s:388    .text:000000000000023c .L48
GAS LISTING /tmp/ccKyAMg2.s 			page 49


     /tmp/ccKyAMg2.s:435    .text:0000000000000284 .L41
     /tmp/ccKyAMg2.s:398    .text:000000000000024c .L26
     /tmp/ccKyAMg2.s:406    .text:0000000000000258 .L25
     /tmp/ccKyAMg2.s:394    .text:0000000000000248 .L42
     /tmp/ccKyAMg2.s:440    .text:000000000000028c .L27
     /tmp/ccKyAMg2.s:464    .text:00000000000002ac .L31
     /tmp/ccKyAMg2.s:494    .text:00000000000002d4 .L34
     /tmp/ccKyAMg2.s:472    .text:00000000000002b4 .L29
     /tmp/ccKyAMg2.s:456    .text:00000000000002a4 .L30
     /tmp/ccKyAMg2.s:489    .text:00000000000002cc .L32
     /tmp/ccKyAMg2.s:478    .text:00000000000002bc .L33
     /tmp/ccKyAMg2.s:426    .text:0000000000000278 .L35
     /tmp/ccKyAMg2.s:1124   .text:00000000000006cc .L89
     /tmp/ccKyAMg2.s:1133   .text:00000000000006d4 .L90
     /tmp/ccKyAMg2.s:1138   .text:00000000000006dc .L91
     /tmp/ccKyAMg2.s:1143   .text:00000000000006e4 .L92
     /tmp/ccKyAMg2.s:648    .text:00000000000003c4 .L62
     /tmp/ccKyAMg2.s:697    .text:0000000000000408 .L55
     /tmp/ccKyAMg2.s:706    .text:0000000000000418 .L56
     /tmp/ccKyAMg2.s:703    .text:0000000000000414 .L57
     /tmp/ccKyAMg2.s:613    .text:000000000000039c .L59
     /tmp/ccKyAMg2.s:632    .text:00000000000003b8 .L60
     /tmp/ccKyAMg2.s:729    .text:0000000000000440 .L58
     /tmp/ccKyAMg2.s:624    .text:00000000000003ac .L61
     /tmp/ccKyAMg2.s:737    .text:0000000000000448 .L51
     /tmp/ccKyAMg2.s:639    .text:00000000000003c0 .L52
     /tmp/ccKyAMg2.s:680    .text:00000000000003f0 .L53
     /tmp/ccKyAMg2.s:691    .text:0000000000000400 .L54
     /tmp/ccKyAMg2.s:560    .text:000000000000033c .L94
     /tmp/ccKyAMg2.s:576    .text:000000000000035c .L95
     /tmp/ccKyAMg2.s:585    .text:0000000000000370 .L96
     /tmp/ccKyAMg2.s:593    .text:0000000000000380 .L97
     /tmp/ccKyAMg2.s:825    .text:00000000000004c8 .L50
     /tmp/ccKyAMg2.s:998    .text:00000000000005fc .L63
     /tmp/ccKyAMg2.s:836    .text:00000000000004d4 .L98
     /tmp/ccKyAMg2.s:762    .text:0000000000000468 .L73
     /tmp/ccKyAMg2.s:773    .text:0000000000000478 .L74
     /tmp/ccKyAMg2.s:968    .text:00000000000005b8 .L99
     /tmp/ccKyAMg2.s:981    .text:00000000000005d8 .L100
     /tmp/ccKyAMg2.s:990    .text:00000000000005ec .L101
     /tmp/ccKyAMg2.s:804    .text:00000000000004a8 .L78
     /tmp/ccKyAMg2.s:820    .text:00000000000004c4 .L79
     /tmp/ccKyAMg2.s:850    .text:00000000000004e4 .L65
     /tmp/ccKyAMg2.s:861    .text:00000000000004f4 .L66
     /tmp/ccKyAMg2.s:939    .text:0000000000000574 .L102
     /tmp/ccKyAMg2.s:952    .text:0000000000000594 .L103
     /tmp/ccKyAMg2.s:961    .text:00000000000005a8 .L104
     /tmp/ccKyAMg2.s:908    .text:0000000000000544 .L70
     /tmp/ccKyAMg2.s:917    .text:0000000000000550 .L71
     /tmp/ccKyAMg2.s:932    .text:000000000000056c .L72
     /tmp/ccKyAMg2.s:867    .text:00000000000004fc .L67
     /tmp/ccKyAMg2.s:876    .text:000000000000050c .L68
     /tmp/ccKyAMg2.s:873    .text:0000000000000508 .L69
     /tmp/ccKyAMg2.s:779    .text:0000000000000480 .L75
     /tmp/ccKyAMg2.s:788    .text:0000000000000490 .L76
     /tmp/ccKyAMg2.s:785    .text:000000000000048c .L77
     /tmp/ccKyAMg2.s:1011   .text:000000000000060c .L80
GAS LISTING /tmp/ccKyAMg2.s 			page 50


     /tmp/ccKyAMg2.s:1022   .text:000000000000061c .L81
     /tmp/ccKyAMg2.s:1088   .text:000000000000067c .L105
     /tmp/ccKyAMg2.s:1101   .text:000000000000069c .L106
     /tmp/ccKyAMg2.s:1110   .text:00000000000006b0 .L107
     /tmp/ccKyAMg2.s:1117   .text:00000000000006c0 .L85
     /tmp/ccKyAMg2.s:1049   .text:0000000000000648 .L86
     /tmp/ccKyAMg2.s:1081   .text:0000000000000674 .L88
     /tmp/ccKyAMg2.s:1028   .text:0000000000000624 .L82
     /tmp/ccKyAMg2.s:1037   .text:0000000000000634 .L83
     /tmp/ccKyAMg2.s:1034   .text:0000000000000630 .L84
     /tmp/ccKyAMg2.s:1070   .text:0000000000000660 .L87
     /tmp/ccKyAMg2.s:1189   .text:0000000000000718 .L108
     /tmp/ccKyAMg2.s:1173   .text:0000000000000704 .L110
     /tmp/ccKyAMg2.s:1228   .text:0000000000000744 .L115
     /tmp/ccKyAMg2.s:1242   .text:0000000000000758 .L112
     /tmp/ccKyAMg2.s:1223   .text:0000000000000740 .L114
     /tmp/ccKyAMg2.s:1752   .debug_abbrev:0000000000000000 .Ldebug_abbrev0
     /tmp/ccKyAMg2.s:2802   .debug_str:0000000000000285 .LASF44
     /tmp/ccKyAMg2.s:2828   .debug_str:00000000000003f1 .LASF45
     /tmp/ccKyAMg2.s:2750   .debug_str:00000000000000cb .LASF46
     /tmp/ccKyAMg2.s:5      .text:0000000000000000 .Ltext0
     /tmp/ccKyAMg2.s:1267   .text:0000000000000764 .Letext0
     /tmp/ccKyAMg2.s:2726   .debug_line:0000000000000000 .Ldebug_line0
     /tmp/ccKyAMg2.s:2772   .debug_str:00000000000001ab .LASF0
     /tmp/ccKyAMg2.s:2778   .debug_str:00000000000001ce .LASF1
     /tmp/ccKyAMg2.s:2768   .debug_str:000000000000018a .LASF2
     /tmp/ccKyAMg2.s:2760   .debug_str:0000000000000159 .LASF4
     /tmp/ccKyAMg2.s:2794   .debug_str:0000000000000243 .LASF3
     /tmp/ccKyAMg2.s:2734   .debug_str:0000000000000038 .LASF5
     /tmp/ccKyAMg2.s:2780   .debug_str:00000000000001e1 .LASF6
     /tmp/ccKyAMg2.s:2770   .debug_str:0000000000000198 .LASF7
     /tmp/ccKyAMg2.s:2810   .debug_str:0000000000000368 .LASF8
     /tmp/ccKyAMg2.s:2754   .debug_str:000000000000010a .LASF9
     /tmp/ccKyAMg2.s:2786   .debug_str:0000000000000210 .LASF10
     /tmp/ccKyAMg2.s:2806   .debug_str:0000000000000354 .LASF11
     /tmp/ccKyAMg2.s:2736   .debug_str:000000000000003f .LASF12
     /tmp/ccKyAMg2.s:2730   .debug_str:0000000000000023 .LASF13
     /tmp/ccKyAMg2.s:2738   .debug_str:000000000000004f .LASF14
     /tmp/ccKyAMg2.s:2792   .debug_str:000000000000022d .LASF15
     /tmp/ccKyAMg2.s:2742   .debug_str:0000000000000086 .LASF16
     /tmp/ccKyAMg2.s:2804   .debug_str:0000000000000349 .LASF47
     /tmp/ccKyAMg2.s:2832   .debug_str:000000000000041c .LASF17
     /tmp/ccKyAMg2.s:2826   .debug_str:00000000000003ec .LASF18
     /tmp/ccKyAMg2.s:2800   .debug_str:0000000000000280 .LASF19
     /tmp/ccKyAMg2.s:2764   .debug_str:000000000000016c .LASF48
     /tmp/ccKyAMg2.s:2796   .debug_str:0000000000000255 .LASF20
     /tmp/ccKyAMg2.s:2798   .debug_str:000000000000025f .LASF22
     /tmp/ccKyAMg2.s:2790   .debug_str:0000000000000224 .LASF21
     /tmp/ccKyAMg2.s:2752   .debug_str:00000000000000e9 .LASF23
     /tmp/ccKyAMg2.s:2774   .debug_str:00000000000001b8 .LASF49
     /tmp/ccKyAMg2.s:2728   .debug_str:0000000000000000 .LASF50
     /tmp/ccKyAMg2.s:2824   .debug_str:00000000000003d9 .LASF24
     /tmp/ccKyAMg2.s:2740   .debug_str:000000000000005b .LASF26
     /tmp/ccKyAMg2.s:2820   .debug_str:00000000000003b5 .LASF25
     /tmp/ccKyAMg2.s:2758   .debug_str:0000000000000126 .LASF27
     /tmp/ccKyAMg2.s:2756   .debug_str:0000000000000118 .LASF28
     /tmp/ccKyAMg2.s:2766   .debug_str:000000000000017c .LASF29
GAS LISTING /tmp/ccKyAMg2.s 			page 51


     /tmp/ccKyAMg2.s:2748   .debug_str:00000000000000c6 .LASF30
     /tmp/ccKyAMg2.s:2744   .debug_str:000000000000009c .LASF31
     /tmp/ccKyAMg2.s:2818   .debug_str:0000000000000390 .LASF32
     /tmp/ccKyAMg2.s:1204   .text:0000000000000724 .LFB45
     /tmp/ccKyAMg2.s:1251   .text:0000000000000764 .LFE45
     /tmp/ccKyAMg2.s:2784   .debug_str:00000000000001fd .LASF33
     /tmp/ccKyAMg2.s:2313   .debug_loc:0000000000000000 .LLST15
     /tmp/ccKyAMg2.s:2788   .debug_str:000000000000021f .LASF34
     /tmp/ccKyAMg2.s:1155   .text:00000000000006ec .LFB44
     /tmp/ccKyAMg2.s:1198   .text:0000000000000724 .LFE44
     /tmp/ccKyAMg2.s:2776   .debug_str:00000000000001c3 .LASF35
     /tmp/ccKyAMg2.s:2329   .debug_loc:000000000000004a .LLST14
     /tmp/ccKyAMg2.s:517    .text:00000000000002e8 .LFB43
     /tmp/ccKyAMg2.s:1149   .text:00000000000006ec .LFE43
     /tmp/ccKyAMg2.s:2341   .debug_loc:0000000000000081 .LLST8
     /tmp/ccKyAMg2.s:2816   .debug_str:000000000000038b .LASF36
     /tmp/ccKyAMg2.s:2429   .debug_loc:00000000000001d6 .LLST9
     /tmp/ccKyAMg2.s:2814   .debug_str:0000000000000381 .LASF37
     /tmp/ccKyAMg2.s:2456   .debug_loc:0000000000000258 .LLST10
     /tmp/ccKyAMg2.s:2746   .debug_str:00000000000000c1 .LASF38
     /tmp/ccKyAMg2.s:2485   .debug_loc:00000000000002dc .LLST11
     /tmp/ccKyAMg2.s:2704   .debug_ranges:0000000000000000 .Ldebug_ranges0
     /tmp/ccKyAMg2.s:2732   .debug_str:0000000000000033 .LASF39
     /tmp/ccKyAMg2.s:2516   .debug_loc:0000000000000371 .LLST12
     /tmp/ccKyAMg2.s:1051   .text:0000000000000648 .LBB32
     /tmp/ccKyAMg2.s:1071   .text:0000000000000660 .LBE32
     /tmp/ccKyAMg2.s:2523   .debug_loc:0000000000000394 .LLST13
     /tmp/ccKyAMg2.s:18     .text:0000000000000000 .LFB42
     /tmp/ccKyAMg2.s:511    .text:00000000000002e8 .LFE42
     /tmp/ccKyAMg2.s:2534   .debug_loc:00000000000003ca .LLST0
     /tmp/ccKyAMg2.s:2822   .debug_str:00000000000003d0 .LASF40
     /tmp/ccKyAMg2.s:2552   .debug_loc:0000000000000416 .LLST1
     /tmp/ccKyAMg2.s:2567   .debug_loc:000000000000045f .LLST2
     /tmp/ccKyAMg2.s:2812   .debug_str:0000000000000378 .LASF41
     /tmp/ccKyAMg2.s:2586   .debug_loc:00000000000004bb .LLST5
     /tmp/ccKyAMg2.s:2782   .debug_str:00000000000001f4 .LASF42
     /tmp/ccKyAMg2.s:2597   .debug_loc:00000000000004f1 .LLST6
     /tmp/ccKyAMg2.s:2808   .debug_str:0000000000000363 .LASF43
     /tmp/ccKyAMg2.s:2608   .debug_loc:0000000000000527 .LLST7
     /tmp/ccKyAMg2.s:328    .text:00000000000001d0 .LBB6
     /tmp/ccKyAMg2.s:502    .text:00000000000002e0 .LBE6
     /tmp/ccKyAMg2.s:2640   .debug_loc:00000000000005bd .LLST3
     /tmp/ccKyAMg2.s:2659   .debug_loc:0000000000000619 .LLST4
     /tmp/ccKyAMg2.s:77     .text:0000000000000064 .LVL6
     /tmp/ccKyAMg2.s:125    .text:00000000000000b4 .LVL8
     /tmp/ccKyAMg2.s:2830   .debug_str:0000000000000409 .LASF51
     /tmp/ccKyAMg2.s:2762   .debug_str:0000000000000160 .LASF52
     /tmp/ccKyAMg2.s:1214   .text:0000000000000730 .LVL79
     /tmp/ccKyAMg2.s:1222   .text:0000000000000740 .LVL81
     /tmp/ccKyAMg2.s:1239   .text:0000000000000754 .LVL83
     /tmp/ccKyAMg2.s:1241   .text:0000000000000758 .LVL84
     /tmp/ccKyAMg2.s:1165   .text:00000000000006f8 .LVL74
     /tmp/ccKyAMg2.s:1172   .text:0000000000000704 .LVL76
     /tmp/ccKyAMg2.s:520    .text:00000000000002e8 .LVL37
     /tmp/ccKyAMg2.s:734    .text:0000000000000444 .LVL48
     /tmp/ccKyAMg2.s:736    .text:0000000000000448 .LVL49
     /tmp/ccKyAMg2.s:824    .text:00000000000004c8 .LVL53
GAS LISTING /tmp/ccKyAMg2.s 			page 52


     /tmp/ccKyAMg2.s:835    .text:00000000000004d4 .LVL54
     /tmp/ccKyAMg2.s:936    .text:0000000000000570 .LVL57
     /tmp/ccKyAMg2.s:938    .text:0000000000000574 .LVL58
     /tmp/ccKyAMg2.s:1085   .text:0000000000000678 .LVL64
     /tmp/ccKyAMg2.s:1087   .text:000000000000067c .LVL65
     /tmp/ccKyAMg2.s:1130   .text:00000000000006d0 .LVL67
     /tmp/ccKyAMg2.s:1132   .text:00000000000006d4 .LVL68
     /tmp/ccKyAMg2.s:1135   .text:00000000000006d8 .LVL69
     /tmp/ccKyAMg2.s:1137   .text:00000000000006dc .LVL70
     /tmp/ccKyAMg2.s:1140   .text:00000000000006e0 .LVL71
     /tmp/ccKyAMg2.s:1142   .text:00000000000006e4 .LVL72
     /tmp/ccKyAMg2.s:1146   .text:00000000000006e8 .LVL73
     /tmp/ccKyAMg2.s:549    .text:000000000000032c .LVL38
     /tmp/ccKyAMg2.s:592    .text:0000000000000380 .LVL42
     /tmp/ccKyAMg2.s:638    .text:00000000000003c0 .LVL44
     /tmp/ccKyAMg2.s:726    .text:000000000000043c .LVL47
     /tmp/ccKyAMg2.s:1123   .text:00000000000006cc .LVL66
     /tmp/ccKyAMg2.s:553    .text:0000000000000330 .LVL39
     /tmp/ccKyAMg2.s:716    .text:0000000000000428 .LVL46
     /tmp/ccKyAMg2.s:747    .text:0000000000000450 .LVL50
     /tmp/ccKyAMg2.s:761    .text:0000000000000468 .LVL51
     /tmp/ccKyAMg2.s:849    .text:00000000000004e4 .LVL55
     /tmp/ccKyAMg2.s:997    .text:00000000000005fc .LVL59
     /tmp/ccKyAMg2.s:557    .text:0000000000000338 .LVL40
     /tmp/ccKyAMg2.s:559    .text:000000000000033c .LVL41
     /tmp/ccKyAMg2.s:647    .text:00000000000003c4 .LVL45
     /tmp/ccKyAMg2.s:814    .text:00000000000004b8 .LVL52
     /tmp/ccKyAMg2.s:926    .text:0000000000000560 .LVL56
     /tmp/ccKyAMg2.s:1003   .text:0000000000000600 .LVL60
     /tmp/ccKyAMg2.s:604    .text:0000000000000390 .LVL43
     /tmp/ccKyAMg2.s:1050   .text:0000000000000648 .LVL61
     /tmp/ccKyAMg2.s:1057   .text:0000000000000650 .LVL62
     /tmp/ccKyAMg2.s:1069   .text:0000000000000660 .LVL63
     /tmp/ccKyAMg2.s:22     .text:0000000000000000 .LVL0
     /tmp/ccKyAMg2.s:70     .text:0000000000000054 .LVL5
     /tmp/ccKyAMg2.s:500    .text:00000000000002e0 .LVL36
     /tmp/ccKyAMg2.s:56     .text:0000000000000040 .LVL1
     /tmp/ccKyAMg2.s:58     .text:0000000000000044 .LVL2
     /tmp/ccKyAMg2.s:63     .text:0000000000000048 .LVL3
     /tmp/ccKyAMg2.s:263    .text:000000000000017c .LVL17
     /tmp/ccKyAMg2.s:288    .text:00000000000001a0 .LVL18
     /tmp/ccKyAMg2.s:68     .text:0000000000000050 .LVL4
     /tmp/ccKyAMg2.s:468    .text:00000000000002b0 .LVL31
     /tmp/ccKyAMg2.s:471    .text:00000000000002b4 .LVL32
     /tmp/ccKyAMg2.s:131    .text:00000000000000b8 .LVL9
     /tmp/ccKyAMg2.s:324    .text:00000000000001d0 .LVL22
     /tmp/ccKyAMg2.s:173    .text:00000000000000f8 .LVL10
     /tmp/ccKyAMg2.s:179    .text:0000000000000104 .LVL11
     /tmp/ccKyAMg2.s:185    .text:0000000000000110 .LVL12
     /tmp/ccKyAMg2.s:226    .text:000000000000014c .LVL14
     /tmp/ccKyAMg2.s:231    .text:0000000000000154 .LVL15
     /tmp/ccKyAMg2.s:255    .text:0000000000000174 .LVL16
     /tmp/ccKyAMg2.s:304    .text:00000000000001b0 .LVL19
     /tmp/ccKyAMg2.s:308    .text:00000000000001b4 .LVL20
     /tmp/ccKyAMg2.s:310    .text:00000000000001b8 .LVL21
     /tmp/ccKyAMg2.s:370    .text:0000000000000218 .LVL23
     /tmp/ccKyAMg2.s:380    .text:000000000000022c .LVL25
GAS LISTING /tmp/ccKyAMg2.s 			page 53


     /tmp/ccKyAMg2.s:393    .text:0000000000000248 .LVL26
     /tmp/ccKyAMg2.s:374    .text:0000000000000220 .LVL24
     /tmp/ccKyAMg2.s:434    .text:0000000000000284 .LVL28
     /tmp/ccKyAMg2.s:439    .text:000000000000028c .LVL29
     /tmp/ccKyAMg2.s:463    .text:00000000000002ac .LVL30
     /tmp/ccKyAMg2.s:482    .text:00000000000002c4 .LVL33
     /tmp/ccKyAMg2.s:486    .text:00000000000002c8 .LVL34
     /tmp/ccKyAMg2.s:488    .text:00000000000002cc .LVL35
     /tmp/ccKyAMg2.s:1273   .debug_info:0000000000000000 .Ldebug_info0
     /tmp/ccKyAMg2.s:65     .text:0000000000000048 .LBB2
     /tmp/ccKyAMg2.s:87     .text:000000000000006c .LBE2
     /tmp/ccKyAMg2.s:89     .text:000000000000006c .LBB16
     /tmp/ccKyAMg2.s:268    .text:000000000000017c .LBE16
     /tmp/ccKyAMg2.s:291    .text:00000000000001a0 .LBB17
     /tmp/ccKyAMg2.s:506    .text:00000000000002e0 .LBE17
     /tmp/ccKyAMg2.s:129    .text:00000000000000b8 .LBB7
     /tmp/ccKyAMg2.s:265    .text:000000000000017c .LBE7
     /tmp/ccKyAMg2.s:294    .text:00000000000001a0 .LBB8
     /tmp/ccKyAMg2.s:326    .text:00000000000001d0 .LBE8
     /tmp/ccKyAMg2.s:595    .text:0000000000000380 .LBB22
     /tmp/ccKyAMg2.s:630    .text:00000000000003b4 .LBE22
     /tmp/ccKyAMg2.s:633    .text:00000000000003b8 .LBB23
     /tmp/ccKyAMg2.s:640    .text:00000000000003c0 .LBE23

UNDEFINED SYMBOLS
_Z11printStringPKc
HEAP_END_ADDR
HEAP_START_ADDR
