GAS LISTING /tmp/ccY9WPN4.s 			page 1


   1              		.file	"riscv.cpp"
   2              		.option pic
   3              		.option norelax
   4              		.text
   5              	.Ltext0:
   6              		.align	2
   7              		.globl	_ZN5Riscv10popSppSpieEv
   9              	_ZN5Riscv10popSppSpieEv:
  10              	.LFB84:
  11              		.file 1 "src/riscv.cpp"
   1:src/riscv.cpp **** //
   2:src/riscv.cpp **** // Created by os on 8/15/25.
   3:src/riscv.cpp **** //
   4:src/riscv.cpp **** 
   5:src/riscv.cpp **** #include "../h/riscv.h"
   6:src/riscv.cpp **** #include "../h/MemoryAllocator.h"
   7:src/riscv.cpp **** #include "../h/tcb.h"
   8:src/riscv.cpp **** #include "../h/Semaphore.h"
   9:src/riscv.cpp **** #include "../h/buffer.h"
  10:src/riscv.cpp **** #include "../h/console.h"
  11:src/riscv.cpp **** #include "../h/sleeper.h"
  12:src/riscv.cpp **** #include "../lib/console.h"
  13:src/riscv.cpp **** #include "printing.hpp"
  14:src/riscv.cpp **** 
  15:src/riscv.cpp **** 
  16:src/riscv.cpp **** void Riscv::popSppSpie(){
  12              		.loc 1 16 25
  13              		.cfi_startproc
  14 0000 130101FF 		addi	sp,sp,-16
  15              		.cfi_def_cfa_offset 16
  16 0004 23348100 		sd	s0,8(sp)
  17              		.cfi_offset 8, -8
  18 0008 13040101 		addi	s0,sp,16
  19              		.cfi_def_cfa 8, 0
  17:src/riscv.cpp **** 	setPriviledge();
  20              		.loc 1 17 2
  21              	.LBB86:
  22              	.LBB87:
  23              		.file 2 "src/../h/riscv.h"
   1:src/../h/riscv.h **** //
   2:src/../h/riscv.h **** // Created by os on 8/15/25.
   3:src/../h/riscv.h **** //
   4:src/../h/riscv.h **** 
   5:src/../h/riscv.h **** #ifndef PROJECT_BASE_RISCV_H
   6:src/../h/riscv.h **** #define PROJECT_BASE_RISCV_H
   7:src/../h/riscv.h **** 
   8:src/../h/riscv.h **** #include "../lib/hw.h"
   9:src/../h/riscv.h **** #include "tcb.h"
  10:src/../h/riscv.h **** 
  11:src/../h/riscv.h **** class Riscv
  12:src/../h/riscv.h **** {
  13:src/../h/riscv.h **** public:
  14:src/../h/riscv.h ****     static void setPriviledge()
  15:src/../h/riscv.h ****     {
  16:src/../h/riscv.h ****         if (TCB::running->isSysThread())
  24              		.loc 2 16 9
  25              		.loc 2 16 38 is_stmt 0
GAS LISTING /tmp/ccY9WPN4.s 			page 2


  26 000c 97070000 		la	a5,_ZN3TCB7runningE
  26      83B70700 
  27 0014 83B70700 		ld	a5,0(a5)
  28              	.LVL0:
  29              	.LBB88:
  30              	.LBB89:
  31              		.file 3 "src/../h/tcb.h"
   1:src/../h/tcb.h **** //
   2:src/../h/tcb.h **** // Created by os on 8/16/25.
   3:src/../h/tcb.h **** //
   4:src/../h/tcb.h **** 
   5:src/../h/tcb.h **** #ifndef PROJECT_BASE_TCB_H
   6:src/../h/tcb.h **** #define PROJECT_BASE_TCB_H
   7:src/../h/tcb.h **** 
   8:src/../h/tcb.h **** #include "MemoryAllocator.h"
   9:src/../h/tcb.h **** #include "scheduler.h"
  10:src/../h/tcb.h **** #include "../lib/hw.h"
  11:src/../h/tcb.h **** #include "../lib/console.h"
  12:src/../h/tcb.h **** //#include "../src/printing.hpp"
  13:src/../h/tcb.h **** 
  14:src/../h/tcb.h **** class TCB
  15:src/../h/tcb.h **** {
  16:src/../h/tcb.h **** public:
  17:src/../h/tcb.h **** 
  18:src/../h/tcb.h ****     ~TCB() { delete[] stack; } //delete the whole stack??? might have issue here with mem leaks----
  19:src/../h/tcb.h **** 
  20:src/../h/tcb.h ****     bool isFinished() const { return finished; }
  21:src/../h/tcb.h **** 
  22:src/../h/tcb.h ****     void setFinished(bool value) { finished = value; }
  23:src/../h/tcb.h **** 
  24:src/../h/tcb.h ****     uint64 getTimeSlice() const { return timeSlice; }
  25:src/../h/tcb.h **** 
  26:src/../h/tcb.h ****     bool isBlocked() const { return t_blocked; }
  27:src/../h/tcb.h **** 
  28:src/../h/tcb.h ****     bool isSysThread() const { return sysThread; }
  32              		.loc 3 28 32 is_stmt 1
  33              		.loc 3 28 39 is_stmt 0
  34 0018 83C78703 		lbu	a5,56(a5)
  35              	.LVL1:
  36              	.LBE89:
  37              	.LBE88:
  38              		.loc 2 16 9
  39 001c 63800702 		beqz	a5,.L2
  17:src/../h/riscv.h ****             ms_sstatus(Riscv::SSTATUS_SPP);
  40              		.loc 2 17 13 is_stmt 1
  41              	.LVL2:
  42              	.LBB90:
  43              	.LBB91:
  18:src/../h/riscv.h ****         else
  19:src/../h/riscv.h ****             mc_sstatus(Riscv::SSTATUS_SPP);
  20:src/../h/riscv.h ****     }
  21:src/../h/riscv.h ****     // pop sstatus.spp and sstatus.spie bits (has to be a non inline function)
  22:src/../h/riscv.h ****     static void popSppSpie();
  23:src/../h/riscv.h **** 
  24:src/../h/riscv.h ****     // read register scause
  25:src/../h/riscv.h ****     static uint64 r_scause();
  26:src/../h/riscv.h **** 
GAS LISTING /tmp/ccY9WPN4.s 			page 3


  27:src/../h/riscv.h ****     // write register scause
  28:src/../h/riscv.h ****     static void w_scause(uint64 scause);
  29:src/../h/riscv.h **** 
  30:src/../h/riscv.h ****     // read register sepc
  31:src/../h/riscv.h ****     static uint64 r_sepc();
  32:src/../h/riscv.h **** 
  33:src/../h/riscv.h ****     // write register sepc
  34:src/../h/riscv.h ****     static void w_sepc(uint64 sepc);
  35:src/../h/riscv.h **** 
  36:src/../h/riscv.h ****     // read register stvec
  37:src/../h/riscv.h ****     static uint64 r_stvec();
  38:src/../h/riscv.h **** 
  39:src/../h/riscv.h ****     // write register stvec
  40:src/../h/riscv.h ****     static void w_stvec(uint64 stvec);
  41:src/../h/riscv.h **** 
  42:src/../h/riscv.h ****     // read register stval
  43:src/../h/riscv.h ****     static uint64 r_stval();
  44:src/../h/riscv.h **** 
  45:src/../h/riscv.h ****     // write register stval
  46:src/../h/riscv.h ****     static void w_stval(uint64 stval);
  47:src/../h/riscv.h **** 
  48:src/../h/riscv.h ****     enum BitMaskSip
  49:src/../h/riscv.h ****     {
  50:src/../h/riscv.h ****         SIP_SSIP = (1 << 1),
  51:src/../h/riscv.h ****         SIP_STIP = (1 << 5),
  52:src/../h/riscv.h ****         SIP_SEIP = (1 << 9),
  53:src/../h/riscv.h ****     };
  54:src/../h/riscv.h **** 
  55:src/../h/riscv.h ****     // mask set register sip
  56:src/../h/riscv.h ****     static void ms_sip(uint64 mask);
  57:src/../h/riscv.h **** 
  58:src/../h/riscv.h ****     // mask clear register sip
  59:src/../h/riscv.h ****     static void mc_sip(uint64 mask);
  60:src/../h/riscv.h **** 
  61:src/../h/riscv.h ****     // read register sip
  62:src/../h/riscv.h ****     static uint64 r_sip();
  63:src/../h/riscv.h **** 
  64:src/../h/riscv.h ****     // write register sip
  65:src/../h/riscv.h ****     static void w_sip(uint64 sip);
  66:src/../h/riscv.h **** 
  67:src/../h/riscv.h ****     enum BitMaskSstatus
  68:src/../h/riscv.h ****     {
  69:src/../h/riscv.h ****         SSTATUS_SIE = (1 << 1),
  70:src/../h/riscv.h ****         SSTATUS_SPIE = (1 << 5),
  71:src/../h/riscv.h ****         SSTATUS_SPP = (1 << 8),
  72:src/../h/riscv.h ****     };
  73:src/../h/riscv.h **** 
  74:src/../h/riscv.h ****     // mask set register sstatus
  75:src/../h/riscv.h ****     static void ms_sstatus(uint64 mask);
  76:src/../h/riscv.h **** 
  77:src/../h/riscv.h ****     // mask clear register sstatus
  78:src/../h/riscv.h ****     static void mc_sstatus(uint64 mask);
  79:src/../h/riscv.h **** 
  80:src/../h/riscv.h ****     // read register sstatus
  81:src/../h/riscv.h ****     static uint64 r_sstatus();
  82:src/../h/riscv.h **** 
  83:src/../h/riscv.h ****     // write register sstatus
GAS LISTING /tmp/ccY9WPN4.s 			page 4


  84:src/../h/riscv.h ****     static void w_sstatus(uint64 sstatus);
  85:src/../h/riscv.h **** 
  86:src/../h/riscv.h ****     // supervisor trap
  87:src/../h/riscv.h ****     static void supervisorTrap();
  88:src/../h/riscv.h **** 
  89:src/../h/riscv.h ****     //user mode - chagne to private later after testing--------------------------------------------
  90:src/../h/riscv.h **** private:
  91:src/../h/riscv.h **** 
  92:src/../h/riscv.h ****     // supervisor trap handler
  93:src/../h/riscv.h ****     static void handleSupervisorTrap();
  94:src/../h/riscv.h **** 
  95:src/../h/riscv.h **** 
  96:src/../h/riscv.h **** };
  97:src/../h/riscv.h **** 
  98:src/../h/riscv.h **** inline uint64 Riscv::r_scause()
  99:src/../h/riscv.h **** {
 100:src/../h/riscv.h ****     uint64 volatile scause;
 101:src/../h/riscv.h ****     __asm__ volatile ("csrr %[scause], scause" : [scause] "=r"(scause));
 102:src/../h/riscv.h ****     return scause;
 103:src/../h/riscv.h **** }
 104:src/../h/riscv.h **** 
 105:src/../h/riscv.h **** inline void Riscv::w_scause(uint64 scause)
 106:src/../h/riscv.h **** {
 107:src/../h/riscv.h ****     __asm__ volatile ("csrw scause, %[scause]" : : [scause] "r"(scause));
 108:src/../h/riscv.h **** }
 109:src/../h/riscv.h **** 
 110:src/../h/riscv.h **** inline uint64 Riscv::r_sepc()
 111:src/../h/riscv.h **** {
 112:src/../h/riscv.h ****     uint64 volatile sepc;
 113:src/../h/riscv.h ****     __asm__ volatile ("csrr %[sepc], sepc" : [sepc] "=r"(sepc));
 114:src/../h/riscv.h ****     return sepc;
 115:src/../h/riscv.h **** }
 116:src/../h/riscv.h **** 
 117:src/../h/riscv.h **** inline void Riscv::w_sepc(uint64 sepc)
 118:src/../h/riscv.h **** {
 119:src/../h/riscv.h ****     __asm__ volatile ("csrw sepc, %[sepc]" : : [sepc] "r"(sepc));
 120:src/../h/riscv.h **** }
 121:src/../h/riscv.h **** 
 122:src/../h/riscv.h **** inline uint64 Riscv::r_stvec()
 123:src/../h/riscv.h **** {
 124:src/../h/riscv.h ****     uint64 volatile stvec;
 125:src/../h/riscv.h ****     __asm__ volatile ("csrr %[stvec], stvec" : [stvec] "=r"(stvec));
 126:src/../h/riscv.h ****     return stvec;
 127:src/../h/riscv.h **** }
 128:src/../h/riscv.h **** 
 129:src/../h/riscv.h **** inline void Riscv::w_stvec(uint64 stvec)
 130:src/../h/riscv.h **** {
 131:src/../h/riscv.h ****     __asm__ volatile ("csrw stvec, %[stvec]" : : [stvec] "r"(stvec));
 132:src/../h/riscv.h **** }
 133:src/../h/riscv.h **** 
 134:src/../h/riscv.h **** inline uint64 Riscv::r_stval()
 135:src/../h/riscv.h **** {
 136:src/../h/riscv.h ****     uint64 volatile stval;
 137:src/../h/riscv.h ****     __asm__ volatile ("csrr %[stval], stval" : [stval] "=r"(stval));
 138:src/../h/riscv.h ****     return stval;
 139:src/../h/riscv.h **** }
 140:src/../h/riscv.h **** 
GAS LISTING /tmp/ccY9WPN4.s 			page 5


 141:src/../h/riscv.h **** inline void Riscv::w_stval(uint64 stval)
 142:src/../h/riscv.h **** {
 143:src/../h/riscv.h ****     __asm__ volatile ("csrw stval, %[stval]" : : [stval] "r"(stval));
 144:src/../h/riscv.h **** }
 145:src/../h/riscv.h **** 
 146:src/../h/riscv.h **** inline void Riscv::ms_sip(uint64 mask)
 147:src/../h/riscv.h **** {
 148:src/../h/riscv.h ****     __asm__ volatile ("csrs sip, %[mask]" : : [mask] "r"(mask));
 149:src/../h/riscv.h **** }
 150:src/../h/riscv.h **** 
 151:src/../h/riscv.h **** inline void Riscv::mc_sip(uint64 mask)
 152:src/../h/riscv.h **** {
 153:src/../h/riscv.h ****     __asm__ volatile ("csrc sip, %[mask]" : : [mask] "r"(mask));
 154:src/../h/riscv.h **** }
 155:src/../h/riscv.h **** 
 156:src/../h/riscv.h **** inline uint64 Riscv::r_sip()
 157:src/../h/riscv.h **** {
 158:src/../h/riscv.h ****     uint64 volatile sip;
 159:src/../h/riscv.h ****     __asm__ volatile ("csrr %[sip], sip" : [sip] "=r"(sip));
 160:src/../h/riscv.h ****     return sip;
 161:src/../h/riscv.h **** }
 162:src/../h/riscv.h **** 
 163:src/../h/riscv.h **** inline void Riscv::w_sip(uint64 sip)
 164:src/../h/riscv.h **** {
 165:src/../h/riscv.h ****     __asm__ volatile ("csrw sip, %[sip]" : : [sip] "r"(sip));
 166:src/../h/riscv.h **** }
 167:src/../h/riscv.h **** 
 168:src/../h/riscv.h **** inline void Riscv::ms_sstatus(uint64 mask)
 169:src/../h/riscv.h **** {
 170:src/../h/riscv.h ****     __asm__ volatile ("csrs sstatus, %[mask]" : : [mask] "r"(mask));
  44              		.loc 2 170 5
  45              		.loc 2 170 68 is_stmt 0
  46 0020 93070010 		li	a5,256
  47              	#APP
  48              	# 170 "src/../h/riscv.h" 1
 171              	}
  49              		csrs sstatus, a5
  50              	# 0 "" 2
  51              	.LVL3:
  52              	#NO_APP
  53              	.L3:
  54              	.LBE91:
  55              	.LBE90:
  56              	.LBE87:
  57              	.LBE86:
  18:src/riscv.cpp ****     __asm__ volatile("csrw sepc, ra");
  58              		.loc 1 18 5 is_stmt 1
  59              		.loc 1 18 38 is_stmt 0
  60              	#APP
  61              	# 18 "src/riscv.cpp" 1
  19              	    __asm__ volatile("sret"); //pops spp and places it in the correct place it needs to be
  62              		csrw sepc, ra
  63              	# 0 "" 2
  64              		.loc 1 19 5 is_stmt 1
  65              		.loc 1 19 29 is_stmt 0
  66              	# 19 "src/riscv.cpp" 1
  20              	                             // because we jumped to whole different location with dispatch and new
GAS LISTING /tmp/ccY9WPN4.s 			page 6


  21:src/riscv.cpp ****                             // wrapper we make sure it can get out of the supervisor trap with sret
  22:src/riscv.cpp ****     //sret would return to where sepc says, but we dont want that sicne it would return it to the n
  23:src/riscv.cpp ****     //processor - we dont want that! want to return to the threadWrapper, so we change sepc
  24:src/riscv.cpp ****     //therefore very important to not be inline - since inline would then jump to where it was inli
  25:src/riscv.cpp **** }
  67              		sret
  68              	# 0 "" 2
  69              		.loc 1 25 1
  70              	#NO_APP
  71 0030 03348100 		ld	s0,8(sp)
  72              		.cfi_remember_state
  73              		.cfi_restore 8
  74              		.cfi_def_cfa 2, 16
  75 0034 13010101 		addi	sp,sp,16
  76              		.cfi_def_cfa_offset 0
  77 0038 67800000 		jr	ra
  78              	.L2:
  79              		.cfi_restore_state
  80              	.LBB95:
  81              	.LBB94:
  19:src/../h/riscv.h ****     }
  82              		.loc 2 19 13 is_stmt 1
  83              	.LVL4:
  84              	.LBB92:
  85              	.LBB93:
 172:src/../h/riscv.h **** 
 173:src/../h/riscv.h **** inline void Riscv::mc_sstatus(uint64 mask)
 174:src/../h/riscv.h **** {
 175:src/../h/riscv.h ****     __asm__ volatile ("csrc sstatus, %[mask]" : : [mask] "r"(mask));
  86              		.loc 2 175 5
  87              		.loc 2 175 68 is_stmt 0
  88 003c 93070010 		li	a5,256
  89              	#APP
  90              	# 175 "src/../h/riscv.h" 1
 176              	}
  91              		csrc sstatus, a5
  92              	# 0 "" 2
  93              		.loc 2 176 1
  94              	#NO_APP
  95 0044 6FF05FFE 		j	.L3
  96              	.LBE93:
  97              	.LBE92:
  98              	.LBE94:
  99              	.LBE95:
 100              		.cfi_endproc
 101              	.LFE84:
 103              		.section	.rodata.str1.8,"aMS",@progbits,1
 104              		.align	3
 105              	.LC0:
 106 0000 0A534341 		.string	"\nSCAUSE: "
 106      5553453A 
 106      2000
 107 000a 00000000 		.align	3
 107      0000
 108              	.LC1:
 109 0010 0A535354 		.string	"\nSSTATUS: "
 109      41545553 
GAS LISTING /tmp/ccY9WPN4.s 			page 7


 109      3A2000
 110 001b 00000000 		.align	3
 110      00
 111              	.LC2:
 112 0020 0A534550 		.string	"\nSEPC: "
 112      433A2000 
 113              		.text
 114              		.align	2
 115              		.globl	_ZN5Riscv20handleSupervisorTrapEv
 117              	_ZN5Riscv20handleSupervisorTrapEv:
 118              	.LFB85:
  26:src/riscv.cpp **** 
  27:src/riscv.cpp **** void Riscv::handleSupervisorTrap(){
 119              		.loc 1 27 35 is_stmt 1
 120              		.cfi_startproc
 121 0048 130101F5 		addi	sp,sp,-176
 122              		.cfi_def_cfa_offset 176
 123 004c 2334110A 		sd	ra,168(sp)
 124 0050 2330810A 		sd	s0,160(sp)
 125 0054 233C9108 		sd	s1,152(sp)
 126 0058 23382109 		sd	s2,144(sp)
 127              		.cfi_offset 1, -8
 128              		.cfi_offset 8, -16
 129              		.cfi_offset 9, -24
 130              		.cfi_offset 18, -32
 131 005c 1304010B 		addi	s0,sp,176
 132              		.cfi_def_cfa 8, 0
  28:src/riscv.cpp **** 	uint64 volatile arg4;
 133              		.loc 1 28 2
  29:src/riscv.cpp **** 	__asm__ volatile ("mv %0, a4" : "=r"(arg4));
 134              		.loc 1 29 2
 135              		.loc 1 29 45 is_stmt 0
 136              	#APP
 137              	# 29 "src/riscv.cpp" 1
  30              	    uint64 scause = r_scause();
 138              		mv a5, a4
 139              	# 0 "" 2
 140              	#NO_APP
 141 0064 233CF4FC 		sd	a5,-40(s0)
 142              		.loc 1 30 5 is_stmt 1
 143              	.LBB96:
 144              	.LBB97:
 100:src/../h/riscv.h ****     __asm__ volatile ("csrr %[scause], scause" : [scause] "=r"(scause));
 145              		.loc 2 100 5
 101:src/../h/riscv.h ****     return scause;
 146              		.loc 2 101 5
 101:src/../h/riscv.h ****     return scause;
 147              		.loc 2 101 72 is_stmt 0
 148              	#APP
 149              	# 101 "src/../h/riscv.h" 1
 150              		csrr a5, scause
 151              	# 0 "" 2
 152              	#NO_APP
 153 006c 2334F4F8 		sd	a5,-120(s0)
 102:src/../h/riscv.h **** }
 154              		.loc 2 102 5 is_stmt 1
 102:src/../h/riscv.h **** }
GAS LISTING /tmp/ccY9WPN4.s 			page 8


 155              		.loc 2 102 12 is_stmt 0
 156 0070 033784F8 		ld	a4,-120(s0)
 157              	.LVL5:
 158              	.LBE97:
 159              	.LBE96:
  31:src/riscv.cpp ****     uint64 volatile arg1, arg2, arg3;
 160              		.loc 1 31 5 is_stmt 1
  32:src/riscv.cpp ****     __asm__ volatile("mv %0, a1" : "=r"(arg1));
 161              		.loc 1 32 5
 162              		.loc 1 32 47 is_stmt 0
 163              	#APP
 164              	# 32 "src/riscv.cpp" 1
  33              	    __asm__ volatile("mv %0, a2" : "=r"(arg2));
 165              		mv a5, a1
 166              	# 0 "" 2
 167              	#NO_APP
 168 0078 2338F4FC 		sd	a5,-48(s0)
 169              		.loc 1 33 5 is_stmt 1
 170              		.loc 1 33 47 is_stmt 0
 171              	#APP
 172              	# 33 "src/riscv.cpp" 1
  34              	    __asm__ volatile("mv %0, a3" : "=r"(arg3));
 173              		mv a5, a2
 174              	# 0 "" 2
 175              	#NO_APP
 176 0080 2334F4FC 		sd	a5,-56(s0)
 177              		.loc 1 34 5 is_stmt 1
 178              		.loc 1 34 47 is_stmt 0
 179              	#APP
 180              	# 34 "src/riscv.cpp" 1
  35              	    //razgranit skok
 181              		mv a5, a3
 182              	# 0 "" 2
 183              	#NO_APP
 184 0088 2330F4FC 		sd	a5,-64(s0)
  36:src/riscv.cpp ****     if(scause == 0x0000000000000008UL || scause == 0x0000000000000009UL){ //if from ecall or except
 185              		.loc 1 36 5 is_stmt 1
 186              	.LBB98:
 187              		.loc 1 36 39 is_stmt 0
 188 008c 930687FF 		addi	a3,a4,-8
 189              		.loc 1 36 5
 190 0090 93071000 		li	a5,1
 191 0094 63F2D70C 		bleu	a3,a5,.L39
 192              	.LBE98:
  37:src/riscv.cpp ****         uint64 volatile sepc = r_sepc() + 4;
  38:src/riscv.cpp ****         uint64 volatile sstatus = r_sstatus();
  39:src/riscv.cpp ****         //interrupt: no; cause code: environment call from U-mode(8) or S-mode(9)
  40:src/riscv.cpp ****         //sepc += 4; //even if have ra for thread, need sepc because we entered through the supervi
  41:src/riscv.cpp ****                 //and since sepc is the one that saves the actual pc when we enter sup mode, we nee
  42:src/riscv.cpp ****                 // of the supervisor trap instructions
  43:src/riscv.cpp ****                 //this is actually only true for ecalls! so dont need to do this for the other ones
  44:src/riscv.cpp **** 				//no dumbass - need to move this one from ecall instruction. Others are interrupts so return to
  45:src/riscv.cpp ****         //get interrupt code and work with it razgrani na svaku syscall that you need
  46:src/riscv.cpp ****         uint64 volatile opcode = 0;
  47:src/riscv.cpp ****         //if no opcode, cause context change from yield?
  48:src/riscv.cpp ****         __asm__ volatile("mv %0, a0" : "=r"(opcode));
  49:src/riscv.cpp **** 		switch(opcode) {
GAS LISTING /tmp/ccY9WPN4.s 			page 9


  50:src/riscv.cpp **** 			case 0x01:
  51:src/riscv.cpp **** 				{//mem alloc, zadatu vrednost u bajtovima zaokruzi na cele blokove
  52:src/riscv.cpp **** 				//(tako da zahtevani prostor stane u te blokove) i izrazi u blokovima pre nego sto izvrsi ovaj 
  53:src/riscv.cpp **** 				/*size_t size;
  54:src/riscv.cpp **** 				__asm__ volatile("mv %0, a1" : "=r"(size));*/
  55:src/riscv.cpp **** 				void* ptr = MemoryAllocator::mem_alloc((size_t) arg1 );
  56:src/riscv.cpp **** 				//__asm__ volatile("mv a0, %0" : : "r"(ptr));
  57:src/riscv.cpp ****                 __asm__ volatile ("sd %0, 10*8(fp)" :: "r" (ptr));
  58:src/riscv.cpp **** 				break;
  59:src/riscv.cpp ****                 }
  60:src/riscv.cpp **** 			case 0x02:
  61:src/riscv.cpp ****                 {
  62:src/riscv.cpp **** 				//mem free
  63:src/riscv.cpp **** 				/*void* ptr;
  64:src/riscv.cpp **** 				__asm__ volatile("mv %0, a1" : "=r"(ptr));*/
  65:src/riscv.cpp **** 				int finish_code = MemoryAllocator::mem_free((void*)arg1);
  66:src/riscv.cpp **** 				//__asm__ volatile("mv a0, %0" : : "r"(finish_code));
  67:src/riscv.cpp ****                 __asm__ volatile ("sd %0, 10*8(fp)" :: "r" (finish_code));
  68:src/riscv.cpp **** 				break;
  69:src/riscv.cpp ****                 }
  70:src/riscv.cpp **** 			case 0x03:
  71:src/riscv.cpp **** 				{
  72:src/riscv.cpp **** 				// size_t mem_get_free_space()
  73:src/riscv.cpp **** 				size_t free_space = MemoryAllocator::mem_get_free_space();
  74:src/riscv.cpp **** 				//__asm__ volatile("mv a0, %0" : : "r"(free_space));
  75:src/riscv.cpp ****                 __asm__ volatile ("sd %0, 10*8(fp)" :: "r" (free_space));
  76:src/riscv.cpp **** 				break;
  77:src/riscv.cpp **** 				}
  78:src/riscv.cpp **** 			case 0x04:
  79:src/riscv.cpp **** 				{
  80:src/riscv.cpp **** 				// size_t mem_get_largest_free_block()
  81:src/riscv.cpp **** 				size_t largest_free_block = MemoryAllocator::mem_get_largest_free_block();
  82:src/riscv.cpp **** 				//__asm__ volatile("mv a0, %0" : : "r"(largest_free_block));
  83:src/riscv.cpp ****                 __asm__ volatile ("sd %0, 10*8(fp)" :: "r" (largest_free_block));
  84:src/riscv.cpp **** 				break;
  85:src/riscv.cpp **** 				}
  86:src/riscv.cpp **** 			case 0x11:
  87:src/riscv.cpp ****                 {
  88:src/riscv.cpp **** 				//thread create, poslednja lokacija ukzuje stack_space,
  89:src/riscv.cpp **** 				//thread create u c-api treba da alocira stek pre nego sto izvrsi ovaj sistemski poziv
  90:src/riscv.cpp ****                 TCB** tcb = (TCB**)arg1;
  91:src/riscv.cpp ****                 /*TCB::Body body;
  92:src/riscv.cpp ****                 void* arg;
  93:src/riscv.cpp ****                 __asm__ volatile ("mv %0, a1" : "=r" (tcb));
  94:src/riscv.cpp ****                 __asm__ volatile ("mv %0, a2" : "=r" (body));
  95:src/riscv.cpp ****                 __asm__ volatile ("mv %0, a7" : "=r" (arg));*/
  96:src/riscv.cpp **** 
  97:src/riscv.cpp **** 				//add with stack
  98:src/riscv.cpp ****                 if(arg4) {
  99:src/riscv.cpp ****                     *tcb = TCB::createThread((TCB::Body)arg2, (void*)arg3, (uint64*)arg4);
 100:src/riscv.cpp ****                 }
 101:src/riscv.cpp ****                 else {
 102:src/riscv.cpp ****                     *tcb = TCB::createThread((TCB::Body)arg2, (void*)arg3);
 103:src/riscv.cpp ****                 }
 104:src/riscv.cpp ****                 int retVal;
 105:src/riscv.cpp **** 				if(*tcb == nullptr)
 106:src/riscv.cpp **** 				{
GAS LISTING /tmp/ccY9WPN4.s 			page 10


 107:src/riscv.cpp **** 					//__asm__ volatile("li a0, -1");
 108:src/riscv.cpp ****                     retVal = -1;
 109:src/riscv.cpp **** 				}else{
 110:src/riscv.cpp **** 					//__asm__ volatile("li a0, 0");
 111:src/riscv.cpp ****                     retVal = 0;
 112:src/riscv.cpp **** 				}
 113:src/riscv.cpp ****                 __asm__ volatile ("sd %0, 10*8(fp)" :: "r" (retVal));
 114:src/riscv.cpp **** 				break;
 115:src/riscv.cpp ****                 }
 116:src/riscv.cpp **** 			case 0x12:
 117:src/riscv.cpp ****                 {
 118:src/riscv.cpp **** 				//thread exit
 119:src/riscv.cpp ****                 int retVal = TCB::thread_exit();
 120:src/riscv.cpp ****                 //__asm__ volatile("mv a0, %0" : : "r"(retVal));
 121:src/riscv.cpp ****                 __asm__ volatile ("sd %0, 10*8(fp)" :: "r" (retVal));
 122:src/riscv.cpp ****                 break;
 123:src/riscv.cpp ****                 }
 124:src/riscv.cpp **** 			case 0x13:
 125:src/riscv.cpp ****                 {
 126:src/riscv.cpp **** 				//thread dispatch
 127:src/riscv.cpp **** 				TCB::timeSliceCounter = 0;
 128:src/riscv.cpp ****                 TCB::dispatch();
 129:src/riscv.cpp ****                 break;
 130:src/riscv.cpp ****                 }
 131:src/riscv.cpp **** 			case 0x21:
 132:src/riscv.cpp ****                 {
 133:src/riscv.cpp **** 				//sem open
 134:src/riscv.cpp ****                 SemaphoreC** sem = (SemaphoreC**)arg1;
 135:src/riscv.cpp ****                 /*unsigned volatile init;
 136:src/riscv.cpp ****                 __asm__ volatile ("mv %0, a1" : "=r" (sem));
 137:src/riscv.cpp ****                 __asm__ volatile ("mv %0, a2" : "=r" (init));*/
 138:src/riscv.cpp **** 
 139:src/riscv.cpp ****                 *sem = SemaphoreC::sem_open((unsigned)arg2);
 140:src/riscv.cpp ****                 int retVal;
 141:src/riscv.cpp ****                 if(*sem == nullptr)
 142:src/riscv.cpp ****                 {
 143:src/riscv.cpp ****                     retVal = -1;
 144:src/riscv.cpp ****                 }else{
 145:src/riscv.cpp ****                     retVal = 0;
 146:src/riscv.cpp ****                 }
 147:src/riscv.cpp ****                 __asm__ volatile ("sd %0, 10*8(fp)" :: "r" (retVal));
 148:src/riscv.cpp ****                 break;
 149:src/riscv.cpp ****                 }
 150:src/riscv.cpp **** 			case 0x22:
 151:src/riscv.cpp ****                 {
 152:src/riscv.cpp **** 				//sem close - check if handles are nullptrs
 153:src/riscv.cpp ****                 SemaphoreC* sem = (SemaphoreC*)arg1;
 154:src/riscv.cpp ****                 //__asm__ volatile ("mv %0, a1" : "=r" (sem));
 155:src/riscv.cpp **** 
 156:src/riscv.cpp ****                 int retVal = sem->close();
 157:src/riscv.cpp **** 
 158:src/riscv.cpp ****                 //__asm__ volatile ("mv a0, %0" : "=r" (retVal));
 159:src/riscv.cpp ****                 __asm__ volatile ("sd %0, 10*8(fp)" :: "r" (retVal));
 160:src/riscv.cpp ****                 break;
 161:src/riscv.cpp ****                 }
 162:src/riscv.cpp **** 			case 0x23:
 163:src/riscv.cpp ****                 {
GAS LISTING /tmp/ccY9WPN4.s 			page 11


 164:src/riscv.cpp **** 				//sem wait
 165:src/riscv.cpp ****                 SemaphoreC* sem = (SemaphoreC*)arg1;
 166:src/riscv.cpp ****                 //__asm__ volatile ("mv %0, a1" : "=r" (sem));
 167:src/riscv.cpp **** 
 168:src/riscv.cpp ****                 int retVal = sem->wait();
 169:src/riscv.cpp **** 
 170:src/riscv.cpp ****                 //__asm__ volatile ("mv a0, %0" : "=r" (retVal));
 171:src/riscv.cpp ****                 __asm__ volatile ("sd %0, 10*8(fp)" :: "r" (retVal));
 172:src/riscv.cpp ****                 break;
 173:src/riscv.cpp ****                 }
 174:src/riscv.cpp **** 			case 0x24:
 175:src/riscv.cpp ****                 {
 176:src/riscv.cpp **** 				//sem signal
 177:src/riscv.cpp ****                 SemaphoreC* sem = (SemaphoreC*)arg1;
 178:src/riscv.cpp ****                 //__asm__ volatile ("mv %0, a1" : "=r" (sem));
 179:src/riscv.cpp **** 
 180:src/riscv.cpp ****                 int retVal = sem->signal();
 181:src/riscv.cpp **** 
 182:src/riscv.cpp ****                 //__asm__ volatile ("mv a0, %0" : "=r" (retVal));
 183:src/riscv.cpp ****                 __asm__ volatile ("sd %0, 10*8(fp)" :: "r" (retVal));
 184:src/riscv.cpp ****                 break;
 185:src/riscv.cpp ****                 }
 186:src/riscv.cpp **** 			case 0x31:
 187:src/riscv.cpp ****                 {
 188:src/riscv.cpp **** 				//time sleep - sleep the running(calling) thread
 189:src/riscv.cpp ****                 /*time_t time;
 190:src/riscv.cpp ****                 __asm__ volatile ("mv %0, a1" : "=r" (time));*/
 191:src/riscv.cpp ****                 int retVal = Sleeper::time_sleep((time_t) arg1);
 192:src/riscv.cpp ****                 //__asm__ volatile ("mv a0, %0" : "=r" (retVal));
 193:src/riscv.cpp ****                 __asm__ volatile ("sd %0, 10*8(fp)" :: "r" (retVal));
 194:src/riscv.cpp ****                 break;
 195:src/riscv.cpp ****                 }
 196:src/riscv.cpp **** 			case 0x41:
 197:src/riscv.cpp ****                 {
 198:src/riscv.cpp ****  				//getc
 199:src/riscv.cpp ****                 char retVal = ConsoleC::getc();
 200:src/riscv.cpp ****                 /*printString("Retval in riscv: ");
 201:src/riscv.cpp ****                 __putc(retVal);
 202:src/riscv.cpp ****                 __putc('\n');*/
 203:src/riscv.cpp ****                 //__asm__ volatile ("mv a0, %0" :: "r" (retVal));
 204:src/riscv.cpp ****                 __asm__ volatile ("sd %0, 10*8(fp)" :: "r" (retVal));
 205:src/riscv.cpp ****                 break;
 206:src/riscv.cpp ****                 }
 207:src/riscv.cpp **** 			case 0x42:
 208:src/riscv.cpp ****                 {
 209:src/riscv.cpp **** 				//putc
 210:src/riscv.cpp ****                 /*char c;
 211:src/riscv.cpp ****                 __asm__ volatile ("mv %0, a1" : "=r" (c));*/
 212:src/riscv.cpp ****                 ConsoleC::putc((char)arg1);
 213:src/riscv.cpp ****                 break;
 214:src/riscv.cpp ****                 }
 215:src/riscv.cpp ****             default:
 216:src/riscv.cpp ****             {
 217:src/riscv.cpp ****                 //thread yield SPECIFICALLY - PROPER INTERRUPT HANDLED IN SOFTVER PREKID SINCE THAT
 218:src/riscv.cpp ****                 //this is also for end of thread wrapper synchronously transferring control to new 
 219:src/riscv.cpp ****                 //ends
 220:src/riscv.cpp ****                 //sepc gets incremented since ecall returns to itself since its a bad instruction a
GAS LISTING /tmp/ccY9WPN4.s 			page 12


 221:src/riscv.cpp ****                 TCB::timeSliceCounter = 0; //reset thread to 0, since new nit hasnt used time yet
 222:src/riscv.cpp **** 				TCB::dispatch(); //assuming that the last nit also ended here - important to set up edge cases 
 223:src/riscv.cpp ****                 break;
 224:src/riscv.cpp ****             }
 225:src/riscv.cpp **** 		}
 226:src/riscv.cpp ****         w_sstatus(sstatus);
 227:src/riscv.cpp ****         w_sepc(sepc);
 228:src/riscv.cpp ****     }else if(scause == 0x8000000000000001UL ){ //if softver prekid - tacnije, timer interrupt
 193              		.loc 1 228 11 is_stmt 1
 194              	.LBB176:
 195              	.LBB99:
 196 0098 9307F0FF 		li	a5,-1
 197 009c 9397F703 		slli	a5,a5,63
 198 00a0 93871700 		addi	a5,a5,1
 199 00a4 630AF72A 		beq	a4,a5,.L40
 200              	.LBE99:
 201              	.LBE176:
 229:src/riscv.cpp ****         //interrupt: yes; cause code: interrupt from software from highest level privelege (timer)
 230:src/riscv.cpp ****         //timer prekid, thread dispatch here - this is why we save 1 and 2 instead of doing yield, 
 231:src/riscv.cpp ****         //an exception, so cant expect to push and put regs and properly save context in thread lik
 232:src/riscv.cpp ****         //dispatch moves and saves sp and ra as they are chagned throughout the process, but here i
 233:src/riscv.cpp ****         //so sometimes you get no change and no context chage! but ra and sp owuold have been moved
 234:src/riscv.cpp ****         //interrupt so still need it saved.
 235:src/riscv.cpp **** 
 236:src/riscv.cpp **** 		//here also check for any sleeping threads and put them back into scheduler
 237:src/riscv.cpp ****        mc_sip(SIP_SSIP); //obradjen softver prekid indicator
 238:src/riscv.cpp ****        Sleeper::awaken();
 239:src/riscv.cpp ****        TCB::timeSliceCounter++;
 240:src/riscv.cpp ****        if(TCB::timeSliceCounter >= TCB::running->getTimeSlice())
 241:src/riscv.cpp **** 	   {
 242:src/riscv.cpp **** 	        //even with no context change, sepc needs to be incremented and changed, but sstatus doesn
 243:src/riscv.cpp ****             uint64 volatile sepc = r_sepc();
 244:src/riscv.cpp ****             uint64 volatile sstatus = r_sstatus();
 245:src/riscv.cpp **** 	        TCB::timeSliceCounter = 0; //reset thread to 0, since new nit hasnt used time yet
 246:src/riscv.cpp **** 	        TCB::dispatch(); //assuming that the last nit also ended here - important to set up edge c
 247:src/riscv.cpp **** 	        //everywhere where it should code enters into privilege, check if not in here
 248:src/riscv.cpp ****             w_sstatus(sstatus);
 249:src/riscv.cpp ****             w_sepc(sepc);
 250:src/riscv.cpp **** 
 251:src/riscv.cpp **** 	   }
 252:src/riscv.cpp ****     }else if (scause == 0x8000000000000009UL){ //if hardware prekid - tacnije, console prekid
 202              		.loc 1 252 11
 203              	.LBB177:
 204              	.LBB148:
 205              	.LBB100:
 206 00a8 9307F0FF 		li	a5,-1
 207 00ac 9397F703 		slli	a5,a5,63
 208 00b0 93879700 		addi	a5,a5,9
 209 00b4 6302F732 		beq	a4,a5,.L41
 210              	.LBB101:
 253:src/riscv.cpp ****         //interrupt: yes; cause code: interrupt from outside hardware (console)
 254:src/riscv.cpp ****         //console handler
 255:src/riscv.cpp **** 		//to handle getc: check the console status (bit 0 u ovom slucaju) and do a while loop of it, tran
 256:src/riscv.cpp **** 		//data from console (console_rx_data) until the status bit changes
 257:src/riscv.cpp **** 		//limit it also by say half of the default size of the buffer - if the buffer is full cant make i
 258:src/riscv.cpp **** 		//instead, throw away the input
 259:src/riscv.cpp ****         uint64 volatile sepc = r_sepc();
GAS LISTING /tmp/ccY9WPN4.s 			page 13


 260:src/riscv.cpp ****         uint64 volatile sstatus = r_sstatus();
 261:src/riscv.cpp ****         mc_sip(SIP_SEIP);
 262:src/riscv.cpp ****         uint64 reason = plic_claim();
 263:src/riscv.cpp **** 		//printInt(reason);
 264:src/riscv.cpp **** 		if(reason == CONSOLE_IRQ)
 265:src/riscv.cpp **** 		{
 266:src/riscv.cpp **** 			//is there even to send at the location of RX register???
 267:src/riscv.cpp **** 	        uint64 cntHardware = 0;
 268:src/riscv.cpp **** 	        while( ( *((char *)(CONSOLE_STATUS)) & CONSOLE_RX_STATUS_BIT ) && (cntHardware < (DEFAULT_
 269:src/riscv.cpp **** 	        {
 270:src/riscv.cpp **** 	            if(!ConsoleC::inputBuffer->isFull())
 271:src/riscv.cpp **** 	            {
 272:src/riscv.cpp **** 					char c = (*(char*)CONSOLE_RX_DATA);
 273:src/riscv.cpp **** 	                ConsoleC::inputBuffer->deposit( c );
 274:src/riscv.cpp **** 	                //send here signal getsem to unblock if it is waiting
 275:src/riscv.cpp **** 	                ConsoleC::getSem->signal();
 276:src/riscv.cpp **** 	            }
 277:src/riscv.cpp **** 				cntHardware += 1;
 278:src/riscv.cpp **** 	        }
 279:src/riscv.cpp ****     	}
 280:src/riscv.cpp ****         plic_complete(reason);
 281:src/riscv.cpp ****         w_sstatus(sstatus);
 282:src/riscv.cpp ****         w_sepc(sepc);
 283:src/riscv.cpp ****     }else{ // else unexpected trap - handle
 284:src/riscv.cpp ****         //unexpected trap cause
 285:src/riscv.cpp ****         //ispisi scause na terminal
 286:src/riscv.cpp **** 		//__putc('f');
 287:src/riscv.cpp **** 		printString("\nSCAUSE: ");
 211              		.loc 1 287 3
 212              		.loc 1 287 14 is_stmt 0
 213 00b8 17050000 		lla	a0,.LC0
 213      13050500 
 214 00c0 97000000 		call	_Z11printStringPKc@plt
 214      E7800000 
 215              	.LVL6:
 288:src/riscv.cpp **** 		uint64 scause = r_scause();
 216              		.loc 1 288 3 is_stmt 1
 217              	.LBB102:
 218              	.LBB103:
 100:src/../h/riscv.h ****     __asm__ volatile ("csrr %[scause], scause" : [scause] "=r"(scause));
 219              		.loc 2 100 5
 101:src/../h/riscv.h ****     return scause;
 220              		.loc 2 101 5
 101:src/../h/riscv.h ****     return scause;
 221              		.loc 2 101 72 is_stmt 0
 222              	#APP
 223              	# 101 "src/../h/riscv.h" 1
 224              		csrr a5, scause
 225              	# 0 "" 2
 226              	#NO_APP
 227 00cc 233CF4FA 		sd	a5,-72(s0)
 102:src/../h/riscv.h **** }
 228              		.loc 2 102 5 is_stmt 1
 102:src/../h/riscv.h **** }
 229              		.loc 2 102 12 is_stmt 0
 230 00d0 033584FB 		ld	a0,-72(s0)
 231              	.LVL7:
GAS LISTING /tmp/ccY9WPN4.s 			page 14


 232              	.LBE103:
 233              	.LBE102:
 289:src/riscv.cpp **** 		printInt(scause, 16, 0);
 234              		.loc 1 289 3 is_stmt 1
 235              		.loc 1 289 11 is_stmt 0
 236 00d4 13060000 		li	a2,0
 237 00d8 93050001 		li	a1,16
 238 00dc 1B050500 		sext.w	a0,a0
 239              	.LVL8:
 240 00e0 97000000 		call	_Z8printIntiii@plt
 240      E7800000 
 241              	.LVL9:
 290:src/riscv.cpp **** 		printString("\nSSTATUS: ");
 242              		.loc 1 290 3 is_stmt 1
 243              		.loc 1 290 14 is_stmt 0
 244 00e8 17050000 		lla	a0,.LC1
 244      13050500 
 245 00f0 97000000 		call	_Z11printStringPKc@plt
 245      E7800000 
 246              	.LVL10:
 291:src/riscv.cpp **** 		uint64 sstatus = r_sstatus();
 247              		.loc 1 291 3 is_stmt 1
 248              	.LBB104:
 249              	.LBB105:
 177:src/../h/riscv.h **** 
 178:src/../h/riscv.h **** inline uint64 Riscv::r_sstatus()
 179:src/../h/riscv.h **** {
 180:src/../h/riscv.h ****     uint64 volatile sstatus;
 250              		.loc 2 180 5
 181:src/../h/riscv.h ****     __asm__ volatile ("csrr %[sstatus], sstatus" : [sstatus] "=r"(sstatus));
 251              		.loc 2 181 5
 252              		.loc 2 181 76 is_stmt 0
 253              	#APP
 254              	# 181 "src/../h/riscv.h" 1
 182              	    return sstatus;
 255              		csrr a5, sstatus
 256              	# 0 "" 2
 257              	#NO_APP
 258 00fc 2338F4FA 		sd	a5,-80(s0)
 259              		.loc 2 182 5 is_stmt 1
 260              		.loc 2 182 12 is_stmt 0
 261 0100 033504FB 		ld	a0,-80(s0)
 262              	.LVL11:
 263              	.LBE105:
 264              	.LBE104:
 292:src/riscv.cpp ****     	printInt(sstatus, 16, 0);
 265              		.loc 1 292 6 is_stmt 1
 266              		.loc 1 292 14 is_stmt 0
 267 0104 13060000 		li	a2,0
 268 0108 93050001 		li	a1,16
 269 010c 1B050500 		sext.w	a0,a0
 270              	.LVL12:
 271 0110 97000000 		call	_Z8printIntiii@plt
 271      E7800000 
 272              	.LVL13:
 293:src/riscv.cpp **** 		uint64 sepc = r_sepc();
 273              		.loc 1 293 3 is_stmt 1
GAS LISTING /tmp/ccY9WPN4.s 			page 15


 274              	.LBB106:
 275              	.LBB107:
 112:src/../h/riscv.h ****     __asm__ volatile ("csrr %[sepc], sepc" : [sepc] "=r"(sepc));
 276              		.loc 2 112 5
 113:src/../h/riscv.h ****     return sepc;
 277              		.loc 2 113 5
 113:src/../h/riscv.h ****     return sepc;
 278              		.loc 2 113 64 is_stmt 0
 279              	#APP
 280              	# 113 "src/../h/riscv.h" 1
 281              		csrr a5, sepc
 282              	# 0 "" 2
 283              	#NO_APP
 284 011c 2334F4FA 		sd	a5,-88(s0)
 114:src/../h/riscv.h **** }
 285              		.loc 2 114 5 is_stmt 1
 114:src/../h/riscv.h **** }
 286              		.loc 2 114 12 is_stmt 0
 287 0120 833484FA 		ld	s1,-88(s0)
 288              	.LVL14:
 289              	.LBE107:
 290              	.LBE106:
 294:src/riscv.cpp ****     	printString("\nSEPC: ");
 291              		.loc 1 294 6 is_stmt 1
 292              		.loc 1 294 17 is_stmt 0
 293 0124 17050000 		lla	a0,.LC2
 293      13050500 
 294 012c 97000000 		call	_Z11printStringPKc@plt
 294      E7800000 
 295              	.LVL15:
 295:src/riscv.cpp ****     	printInt(sepc, 16, 0);
 296              		.loc 1 295 6 is_stmt 1
 297              		.loc 1 295 14 is_stmt 0
 298 0134 13060000 		li	a2,0
 299 0138 93050001 		li	a1,16
 300 013c 1B850400 		sext.w	a0,s1
 301 0140 97000000 		call	_Z8printIntiii@plt
 301      E7800000 
 302              	.LVL16:
 296:src/riscv.cpp ****     	__putc('\n');
 303              		.loc 1 296 6 is_stmt 1
 304              		.loc 1 296 12 is_stmt 0
 305 0148 1305A000 		li	a0,10
 306 014c 97000000 		call	__putc@plt
 306      E7800000 
 307              	.LVL17:
 308              	.L35:
 297:src/riscv.cpp **** 
 298:src/riscv.cpp **** 		while(1){ }
 309              		.loc 1 298 3 is_stmt 1 discriminator 1
 310              		.loc 1 298 3 discriminator 1
 311 0154 6F000000 		j	.L35
 312              	.LVL18:
 313              	.L39:
 314              	.LBE101:
 315              	.LBE100:
 316              	.LBE148:
GAS LISTING /tmp/ccY9WPN4.s 			page 16


 317              	.LBB149:
  37:src/riscv.cpp ****         uint64 volatile sstatus = r_sstatus();
 318              		.loc 1 37 9
 319              	.LBB150:
 320              	.LBB151:
 112:src/../h/riscv.h ****     __asm__ volatile ("csrr %[sepc], sepc" : [sepc] "=r"(sepc));
 321              		.loc 2 112 5
 113:src/../h/riscv.h ****     return sepc;
 322              		.loc 2 113 5
 113:src/../h/riscv.h ****     return sepc;
 323              		.loc 2 113 64 is_stmt 0
 324              	#APP
 325              	# 113 "src/../h/riscv.h" 1
 326              		csrr a5, sepc
 327              	# 0 "" 2
 328              	#NO_APP
 329 015c 233CF4F8 		sd	a5,-104(s0)
 114:src/../h/riscv.h **** }
 330              		.loc 2 114 5 is_stmt 1
 114:src/../h/riscv.h **** }
 331              		.loc 2 114 12 is_stmt 0
 332 0160 833784F9 		ld	a5,-104(s0)
 333              	.LBE151:
 334              	.LBE150:
  37:src/riscv.cpp ****         uint64 volatile sstatus = r_sstatus();
 335              		.loc 1 37 41
 336 0164 93874700 		addi	a5,a5,4
  37:src/riscv.cpp ****         uint64 volatile sstatus = r_sstatus();
 337              		.loc 1 37 43
 338 0168 2338F4F4 		sd	a5,-176(s0)
  38:src/riscv.cpp ****         //interrupt: no; cause code: environment call from U-mode(8) or S-mode(9)
 339              		.loc 1 38 9 is_stmt 1
 340              	.LBB152:
 341              	.LBB153:
 180:src/../h/riscv.h ****     __asm__ volatile ("csrr %[sstatus], sstatus" : [sstatus] "=r"(sstatus));
 342              		.loc 2 180 5
 181:src/../h/riscv.h ****     return sstatus;
 343              		.loc 2 181 5
 181:src/../h/riscv.h ****     return sstatus;
 344              		.loc 2 181 76 is_stmt 0
 345              	#APP
 346              	# 181 "src/../h/riscv.h" 1
 347              		csrr a5, sstatus
 348              	# 0 "" 2
 349              	#NO_APP
 350 0170 2338F4F8 		sd	a5,-112(s0)
 351              		.loc 2 182 5 is_stmt 1
 352              		.loc 2 182 12 is_stmt 0
 353 0174 833704F9 		ld	a5,-112(s0)
 354              	.LBE153:
 355              	.LBE152:
  38:src/riscv.cpp ****         //interrupt: no; cause code: environment call from U-mode(8) or S-mode(9)
 356              		.loc 1 38 45
 357 0178 233CF4F4 		sd	a5,-168(s0)
  46:src/riscv.cpp ****         //if no opcode, cause context change from yield?
 358              		.loc 1 46 9 is_stmt 1
  46:src/riscv.cpp ****         //if no opcode, cause context change from yield?
GAS LISTING /tmp/ccY9WPN4.s 			page 17


 359              		.loc 1 46 25 is_stmt 0
 360 017c 233004F6 		sd	zero,-160(s0)
  48:src/riscv.cpp **** 		switch(opcode) {
 361              		.loc 1 48 9 is_stmt 1
  48:src/riscv.cpp **** 		switch(opcode) {
 362              		.loc 1 48 53 is_stmt 0
 363              	#APP
 364              	# 48 "src/riscv.cpp" 1
 365              		mv a5, a0
 366              	# 0 "" 2
 367              	#NO_APP
 368 0184 2330F4F6 		sd	a5,-160(s0)
  49:src/riscv.cpp **** 			case 0x01:
 369              		.loc 1 49 3 is_stmt 1
 370              	.LBB154:
  49:src/riscv.cpp **** 			case 0x01:
 371              		.loc 1 49 10 is_stmt 0
 372 0188 833704F6 		ld	a5,-160(s0)
 373 018c 13072004 		li	a4,66
 374              	.LVL19:
 375 0190 6368F71A 		bgtu	a5,a4,.L7
 376 0194 93972700 		slli	a5,a5,2
 377 0198 17070000 		lla	a4,.L9
 377      13070700 
 378 01a0 B387E700 		add	a5,a5,a4
 379 01a4 83A70700 		lw	a5,0(a5)
 380 01a8 B387E700 		add	a5,a5,a4
 381 01ac 67800700 		jr	a5
 382              		.section	.rodata
 383              		.align	2
 384              		.align	2
 385              	.L9:
 386 0000 00000000 		.word	.L7-.L9
 387 0004 00000000 		.word	.L22-.L9
 388 0008 00000000 		.word	.L21-.L9
 389 000c 00000000 		.word	.L20-.L9
 390 0010 00000000 		.word	.L19-.L9
 391 0014 00000000 		.word	.L7-.L9
 392 0018 00000000 		.word	.L7-.L9
 393 001c 00000000 		.word	.L7-.L9
 394 0020 00000000 		.word	.L7-.L9
 395 0024 00000000 		.word	.L7-.L9
 396 0028 00000000 		.word	.L7-.L9
 397 002c 00000000 		.word	.L7-.L9
 398 0030 00000000 		.word	.L7-.L9
 399 0034 00000000 		.word	.L7-.L9
 400 0038 00000000 		.word	.L7-.L9
 401 003c 00000000 		.word	.L7-.L9
 402 0040 00000000 		.word	.L7-.L9
 403 0044 00000000 		.word	.L18-.L9
 404 0048 00000000 		.word	.L17-.L9
 405 004c 00000000 		.word	.L16-.L9
 406 0050 00000000 		.word	.L7-.L9
 407 0054 00000000 		.word	.L7-.L9
 408 0058 00000000 		.word	.L7-.L9
 409 005c 00000000 		.word	.L7-.L9
 410 0060 00000000 		.word	.L7-.L9
GAS LISTING /tmp/ccY9WPN4.s 			page 18


 411 0064 00000000 		.word	.L7-.L9
 412 0068 00000000 		.word	.L7-.L9
 413 006c 00000000 		.word	.L7-.L9
 414 0070 00000000 		.word	.L7-.L9
 415 0074 00000000 		.word	.L7-.L9
 416 0078 00000000 		.word	.L7-.L9
 417 007c 00000000 		.word	.L7-.L9
 418 0080 00000000 		.word	.L7-.L9
 419 0084 00000000 		.word	.L15-.L9
 420 0088 00000000 		.word	.L14-.L9
 421 008c 00000000 		.word	.L13-.L9
 422 0090 00000000 		.word	.L12-.L9
 423 0094 00000000 		.word	.L7-.L9
 424 0098 00000000 		.word	.L7-.L9
 425 009c 00000000 		.word	.L7-.L9
 426 00a0 00000000 		.word	.L7-.L9
 427 00a4 00000000 		.word	.L7-.L9
 428 00a8 00000000 		.word	.L7-.L9
 429 00ac 00000000 		.word	.L7-.L9
 430 00b0 00000000 		.word	.L7-.L9
 431 00b4 00000000 		.word	.L7-.L9
 432 00b8 00000000 		.word	.L7-.L9
 433 00bc 00000000 		.word	.L7-.L9
 434 00c0 00000000 		.word	.L7-.L9
 435 00c4 00000000 		.word	.L11-.L9
 436 00c8 00000000 		.word	.L7-.L9
 437 00cc 00000000 		.word	.L7-.L9
 438 00d0 00000000 		.word	.L7-.L9
 439 00d4 00000000 		.word	.L7-.L9
 440 00d8 00000000 		.word	.L7-.L9
 441 00dc 00000000 		.word	.L7-.L9
 442 00e0 00000000 		.word	.L7-.L9
 443 00e4 00000000 		.word	.L7-.L9
 444 00e8 00000000 		.word	.L7-.L9
 445 00ec 00000000 		.word	.L7-.L9
 446 00f0 00000000 		.word	.L7-.L9
 447 00f4 00000000 		.word	.L7-.L9
 448 00f8 00000000 		.word	.L7-.L9
 449 00fc 00000000 		.word	.L7-.L9
 450 0100 00000000 		.word	.L7-.L9
 451 0104 00000000 		.word	.L10-.L9
 452 0108 00000000 		.word	.L8-.L9
 453              		.text
 454              	.L22:
 455              	.LBB155:
  50:src/riscv.cpp **** 				{//mem alloc, zadatu vrednost u bajtovima zaokruzi na cele blokove
 456              		.loc 1 50 4 is_stmt 1
  51:src/riscv.cpp **** 				//(tako da zahtevani prostor stane u te blokove) i izrazi u blokovima pre nego sto izvrsi ovaj 
 457              		.loc 1 51 5
 458              	.LBB156:
  55:src/riscv.cpp **** 				//__asm__ volatile("mv a0, %0" : : "r"(ptr));
 459              		.loc 1 55 5
  55:src/riscv.cpp **** 				//__asm__ volatile("mv a0, %0" : : "r"(ptr));
 460              		.loc 1 55 43 is_stmt 0
 461 01b0 033504FD 		ld	a0,-48(s0)
 462 01b4 97000000 		call	_ZN15MemoryAllocator9mem_allocEm@plt
 462      E7800000 
GAS LISTING /tmp/ccY9WPN4.s 			page 19


 463              	.LVL20:
  57:src/riscv.cpp **** 				break;
 464              		.loc 1 57 17 is_stmt 1
  57:src/riscv.cpp **** 				break;
 465              		.loc 1 57 66 is_stmt 0
 466              	#APP
 467              	# 57 "src/riscv.cpp" 1
  58:src/riscv.cpp ****                 }
 468              		sd a0, 10*8(fp)
 469              	# 0 "" 2
 470              		.loc 1 58 5 is_stmt 1
 471              	.LVL21:
 472              	#NO_APP
 473              	.L23:
 474              	.LBE156:
 475              	.LBE155:
 476              	.LBE154:
 226:src/riscv.cpp ****         w_sepc(sepc);
 477              		.loc 1 226 9
 226:src/riscv.cpp ****         w_sepc(sepc);
 478              		.loc 1 226 18 is_stmt 0
 479 01c0 833784F5 		ld	a5,-168(s0)
 480              	.LVL22:
 481              	.LBB169:
 482              	.LBB170:
 183:src/../h/riscv.h **** }
 184:src/../h/riscv.h **** 
 185:src/../h/riscv.h **** inline void Riscv::w_sstatus(uint64 sstatus)
 186:src/../h/riscv.h **** {
 187:src/../h/riscv.h ****     __asm__ volatile ("csrw sstatus, %[sstatus]" : : [sstatus] "r"(sstatus));
 483              		.loc 2 187 5 is_stmt 1
 484              		.loc 2 187 77 is_stmt 0
 485              	#APP
 486              	# 187 "src/../h/riscv.h" 1
 188              	}
 487              		csrw sstatus, a5
 488              	# 0 "" 2
 489              	.LVL23:
 490              	#NO_APP
 491              	.LBE170:
 492              	.LBE169:
 227:src/riscv.cpp ****     }else if(scause == 0x8000000000000001UL ){ //if softver prekid - tacnije, timer interrupt
 493              		.loc 1 227 9 is_stmt 1
 227:src/riscv.cpp ****     }else if(scause == 0x8000000000000001UL ){ //if softver prekid - tacnije, timer interrupt
 494              		.loc 1 227 15 is_stmt 0
 495 01c8 833704F5 		ld	a5,-176(s0)
 496              	.LVL24:
 497              	.LBB171:
 498              	.LBB172:
 119:src/../h/riscv.h **** }
 499              		.loc 2 119 5 is_stmt 1
 119:src/../h/riscv.h **** }
 500              		.loc 2 119 65 is_stmt 0
 501              	#APP
 502              	# 119 "src/../h/riscv.h" 1
 503              		csrw sepc, a5
 504              	# 0 "" 2
GAS LISTING /tmp/ccY9WPN4.s 			page 20


 505              	.LVL25:
 506              	#NO_APP
 507              	.L5:
 508              	.LBE172:
 509              	.LBE171:
 510              	.LBE149:
 511              	.LBE177:
 299:src/riscv.cpp ****     }
 300:src/riscv.cpp **** 
 301:src/riscv.cpp ****     //check if sip (supervisor interrupt pending) can work instead of scause? tho scause seems pret
 302:src/riscv.cpp ****     //crsc - control sup reg clear mc - mask clear csrs - control sup reg set
 303:src/riscv.cpp **** }
 512              		.loc 1 303 1
 513 01d0 8330810A 		ld	ra,168(sp)
 514              		.cfi_remember_state
 515              		.cfi_restore 1
 516 01d4 0334010A 		ld	s0,160(sp)
 517              		.cfi_restore 8
 518              		.cfi_def_cfa 2, 176
 519 01d8 83348109 		ld	s1,152(sp)
 520              		.cfi_restore 9
 521 01dc 03390109 		ld	s2,144(sp)
 522              		.cfi_restore 18
 523 01e0 1301010B 		addi	sp,sp,176
 524              		.cfi_def_cfa_offset 0
 525 01e4 67800000 		jr	ra
 526              	.LVL26:
 527              	.L21:
 528              		.cfi_restore_state
 529              	.LBB178:
 530              	.LBB174:
 531              	.LBB173:
 532              	.LBB168:
  60:src/riscv.cpp ****                 {
 533              		.loc 1 60 4 is_stmt 1
  61:src/riscv.cpp **** 				//mem free
 534              		.loc 1 61 17
 535              	.LBB157:
  65:src/riscv.cpp **** 				//__asm__ volatile("mv a0, %0" : : "r"(finish_code));
 536              		.loc 1 65 5
  65:src/riscv.cpp **** 				//__asm__ volatile("mv a0, %0" : : "r"(finish_code));
 537              		.loc 1 65 48 is_stmt 0
 538 01e8 033504FD 		ld	a0,-48(s0)
 539 01ec 97000000 		call	_ZN15MemoryAllocator8mem_freeEPv@plt
 539      E7800000 
 540              	.LVL27:
  67:src/riscv.cpp **** 				break;
 541              		.loc 1 67 17 is_stmt 1
  67:src/riscv.cpp **** 				break;
 542              		.loc 1 67 74 is_stmt 0
 543              	#APP
 544              	# 67 "src/riscv.cpp" 1
  68:src/riscv.cpp ****                 }
 545              		sd a0, 10*8(fp)
 546              	# 0 "" 2
 547              		.loc 1 68 5 is_stmt 1
 548              	#NO_APP
GAS LISTING /tmp/ccY9WPN4.s 			page 21


 549 01f8 6FF09FFC 		j	.L23
 550              	.LVL28:
 551              	.L20:
 552              	.LBE157:
  70:src/riscv.cpp **** 				{
 553              		.loc 1 70 4
  71:src/riscv.cpp **** 				// size_t mem_get_free_space()
 554              		.loc 1 71 5
 555              	.LBB158:
  73:src/riscv.cpp **** 				//__asm__ volatile("mv a0, %0" : : "r"(free_space));
 556              		.loc 1 73 5
  73:src/riscv.cpp **** 				//__asm__ volatile("mv a0, %0" : : "r"(free_space));
 557              		.loc 1 73 60 is_stmt 0
 558 01fc 97000000 		call	_ZN15MemoryAllocator18mem_get_free_spaceEv@plt
 558      E7800000 
 559              	.LVL29:
  75:src/riscv.cpp **** 				break;
 560              		.loc 1 75 17 is_stmt 1
  75:src/riscv.cpp **** 				break;
 561              		.loc 1 75 73 is_stmt 0
 562              	#APP
 563              	# 75 "src/riscv.cpp" 1
  76:src/riscv.cpp **** 				}
 564              		sd a0, 10*8(fp)
 565              	# 0 "" 2
 566              		.loc 1 76 5 is_stmt 1
 567              	#NO_APP
 568 0208 6FF09FFB 		j	.L23
 569              	.LVL30:
 570              	.L19:
 571              	.LBE158:
  78:src/riscv.cpp **** 				{
 572              		.loc 1 78 4
  79:src/riscv.cpp **** 				// size_t mem_get_largest_free_block()
 573              		.loc 1 79 5
 574              	.LBB159:
  81:src/riscv.cpp **** 				//__asm__ volatile("mv a0, %0" : : "r"(largest_free_block));
 575              		.loc 1 81 5
  81:src/riscv.cpp **** 				//__asm__ volatile("mv a0, %0" : : "r"(largest_free_block));
 576              		.loc 1 81 76 is_stmt 0
 577 020c 97000000 		call	_ZN15MemoryAllocator26mem_get_largest_free_blockEv@plt
 577      E7800000 
 578              	.LVL31:
  83:src/riscv.cpp **** 				break;
 579              		.loc 1 83 17 is_stmt 1
  83:src/riscv.cpp **** 				break;
 580              		.loc 1 83 81 is_stmt 0
 581              	#APP
 582              	# 83 "src/riscv.cpp" 1
  84:src/riscv.cpp **** 				}
 583              		sd a0, 10*8(fp)
 584              	# 0 "" 2
 585              		.loc 1 84 5 is_stmt 1
 586              	#NO_APP
 587 0218 6FF09FFA 		j	.L23
 588              	.LVL32:
 589              	.L18:
GAS LISTING /tmp/ccY9WPN4.s 			page 22


 590              	.LBE159:
  86:src/riscv.cpp ****                 {
 591              		.loc 1 86 4
  87:src/riscv.cpp **** 				//thread create, poslednja lokacija ukzuje stack_space,
 592              		.loc 1 87 17
 593              	.LBB160:
  90:src/riscv.cpp ****                 /*TCB::Body body;
 594              		.loc 1 90 17
  90:src/riscv.cpp ****                 /*TCB::Body body;
 595              		.loc 1 90 36 is_stmt 0
 596 021c 833404FD 		ld	s1,-48(s0)
 597              	.LVL33:
  98:src/riscv.cpp ****                     *tcb = TCB::createThread((TCB::Body)arg2, (void*)arg3, (uint64*)arg4);
 598              		.loc 1 98 17 is_stmt 1
  98:src/riscv.cpp ****                     *tcb = TCB::createThread((TCB::Body)arg2, (void*)arg3, (uint64*)arg4);
 599              		.loc 1 98 24 is_stmt 0
 600 0220 833784FD 		ld	a5,-40(s0)
  98:src/riscv.cpp ****                     *tcb = TCB::createThread((TCB::Body)arg2, (void*)arg3, (uint64*)arg4);
 601              		.loc 1 98 17
 602 0224 63880702 		beqz	a5,.L24
  99:src/riscv.cpp ****                 }
 603              		.loc 1 99 21 is_stmt 1
  99:src/riscv.cpp ****                 }
 604              		.loc 1 99 45 is_stmt 0
 605 0228 033584FC 		ld	a0,-56(s0)
 606 022c 833504FC 		ld	a1,-64(s0)
 607 0230 033684FD 		ld	a2,-40(s0)
 608 0234 97000000 		call	_ZN3TCB12createThreadEPFvPvES0_Pm@plt
 608      E7800000 
 609              	.LVL34:
  99:src/riscv.cpp ****                 }
 610              		.loc 1 99 26
 611 023c 23B0A400 		sd	a0,0(s1)
 612              	.L25:
 104:src/riscv.cpp **** 				if(*tcb == nullptr)
 613              		.loc 1 104 17 is_stmt 1
 105:src/riscv.cpp **** 				{
 614              		.loc 1 105 5
 105:src/riscv.cpp **** 				{
 615              		.loc 1 105 8 is_stmt 0
 616 0240 83B70400 		ld	a5,0(s1)
 105:src/riscv.cpp **** 				{
 617              		.loc 1 105 5
 618 0244 63840702 		beqz	a5,.L42
 111:src/riscv.cpp **** 				}
 619              		.loc 1 111 28
 620 0248 93070000 		li	a5,0
 621              	.L26:
 622              	.LVL35:
 113:src/riscv.cpp **** 				break;
 623              		.loc 1 113 17 is_stmt 1
 113:src/riscv.cpp **** 				break;
 624              		.loc 1 113 69 is_stmt 0
 625              	#APP
 626              	# 113 "src/riscv.cpp" 1
 114:src/riscv.cpp ****                 }
 627              		sd a5, 10*8(fp)
GAS LISTING /tmp/ccY9WPN4.s 			page 23


 628              	# 0 "" 2
 629              		.loc 1 114 5 is_stmt 1
 630              	#NO_APP
 631 0250 6FF01FF7 		j	.L23
 632              	.LVL36:
 633              	.L24:
 102:src/riscv.cpp ****                 }
 634              		.loc 1 102 21
 102:src/riscv.cpp ****                 }
 635              		.loc 1 102 45 is_stmt 0
 636 0254 033584FC 		ld	a0,-56(s0)
 637 0258 833504FC 		ld	a1,-64(s0)
 638 025c 97000000 		call	_ZN3TCB12createThreadEPFvPvES0_@plt
 638      E7800000 
 639              	.LVL37:
 102:src/riscv.cpp ****                 }
 640              		.loc 1 102 26
 641 0264 23B0A400 		sd	a0,0(s1)
 642 0268 6FF09FFD 		j	.L25
 643              	.L42:
 108:src/riscv.cpp **** 				}else{
 644              		.loc 1 108 28
 645 026c 9307F0FF 		li	a5,-1
 646 0270 6FF0DFFD 		j	.L26
 647              	.LVL38:
 648              	.L17:
 649              	.LBE160:
 116:src/riscv.cpp ****                 {
 650              		.loc 1 116 4 is_stmt 1
 117:src/riscv.cpp **** 				//thread exit
 651              		.loc 1 117 17
 652              	.LBB161:
 119:src/riscv.cpp ****                 //__asm__ volatile("mv a0, %0" : : "r"(retVal));
 653              		.loc 1 119 17
 119:src/riscv.cpp ****                 //__asm__ volatile("mv a0, %0" : : "r"(retVal));
 654              		.loc 1 119 46 is_stmt 0
 655 0274 97000000 		call	_ZN3TCB11thread_exitEv@plt
 655      E7800000 
 656              	.LVL39:
 121:src/riscv.cpp ****                 break;
 657              		.loc 1 121 17 is_stmt 1
 121:src/riscv.cpp ****                 break;
 658              		.loc 1 121 69 is_stmt 0
 659              	#APP
 660              	# 121 "src/riscv.cpp" 1
 122:src/riscv.cpp ****                 }
 661              		sd a0, 10*8(fp)
 662              	# 0 "" 2
 663              		.loc 1 122 17 is_stmt 1
 664              	#NO_APP
 665 0280 6FF01FF4 		j	.L23
 666              	.LVL40:
 667              	.L16:
 668              	.LBE161:
 124:src/riscv.cpp ****                 {
 669              		.loc 1 124 4
 125:src/riscv.cpp **** 				//thread dispatch
GAS LISTING /tmp/ccY9WPN4.s 			page 24


 670              		.loc 1 125 17
 127:src/riscv.cpp ****                 TCB::dispatch();
 671              		.loc 1 127 5
 127:src/riscv.cpp ****                 TCB::dispatch();
 672              		.loc 1 127 27 is_stmt 0
 673 0284 97070000 		la	a5,_ZN3TCB16timeSliceCounterE
 673      83B70700 
 674 028c 23B00700 		sd	zero,0(a5)
 128:src/riscv.cpp ****                 break;
 675              		.loc 1 128 17 is_stmt 1
 128:src/riscv.cpp ****                 break;
 676              		.loc 1 128 30 is_stmt 0
 677 0290 97000000 		call	_ZN3TCB8dispatchEv@plt
 677      E7800000 
 678              	.LVL41:
 129:src/riscv.cpp ****                 }
 679              		.loc 1 129 17 is_stmt 1
 680 0298 6FF09FF2 		j	.L23
 681              	.LVL42:
 682              	.L15:
 131:src/riscv.cpp ****                 {
 683              		.loc 1 131 4
 132:src/riscv.cpp **** 				//sem open
 684              		.loc 1 132 17
 685              	.LBB162:
 134:src/riscv.cpp ****                 /*unsigned volatile init;
 686              		.loc 1 134 17
 134:src/riscv.cpp ****                 /*unsigned volatile init;
 687              		.loc 1 134 50 is_stmt 0
 688 029c 833404FD 		ld	s1,-48(s0)
 689              	.LVL43:
 139:src/riscv.cpp ****                 int retVal;
 690              		.loc 1 139 17 is_stmt 1
 139:src/riscv.cpp ****                 int retVal;
 691              		.loc 1 139 44 is_stmt 0
 692 02a0 033584FC 		ld	a0,-56(s0)
 693 02a4 1B050500 		sext.w	a0,a0
 694 02a8 97000000 		call	_ZN10SemaphoreC8sem_openEi@plt
 694      E7800000 
 695              	.LVL44:
 139:src/riscv.cpp ****                 int retVal;
 696              		.loc 1 139 22
 697 02b0 23B0A400 		sd	a0,0(s1)
 140:src/riscv.cpp ****                 if(*sem == nullptr)
 698              		.loc 1 140 17 is_stmt 1
 141:src/riscv.cpp ****                 {
 699              		.loc 1 141 17
 700 02b4 63080500 		beqz	a0,.L43
 145:src/riscv.cpp ****                 }
 701              		.loc 1 145 28 is_stmt 0
 702 02b8 93070000 		li	a5,0
 703              	.L27:
 704              	.LVL45:
 147:src/riscv.cpp ****                 break;
 705              		.loc 1 147 17 is_stmt 1
 147:src/riscv.cpp ****                 break;
 706              		.loc 1 147 69 is_stmt 0
GAS LISTING /tmp/ccY9WPN4.s 			page 25


 707              	#APP
 708              	# 147 "src/riscv.cpp" 1
 148:src/riscv.cpp ****                 }
 709              		sd a5, 10*8(fp)
 710              	# 0 "" 2
 711              		.loc 1 148 17 is_stmt 1
 712              	#NO_APP
 713 02c0 6FF01FF0 		j	.L23
 714              	.LVL46:
 715              	.L43:
 143:src/riscv.cpp ****                 }else{
 716              		.loc 1 143 28 is_stmt 0
 717 02c4 9307F0FF 		li	a5,-1
 718 02c8 6FF05FFF 		j	.L27
 719              	.LVL47:
 720              	.L14:
 721              	.LBE162:
 150:src/riscv.cpp ****                 {
 722              		.loc 1 150 4 is_stmt 1
 151:src/riscv.cpp **** 				//sem close - check if handles are nullptrs
 723              		.loc 1 151 17
 724              	.LBB163:
 153:src/riscv.cpp ****                 //__asm__ volatile ("mv %0, a1" : "=r" (sem));
 725              		.loc 1 153 17
 153:src/riscv.cpp ****                 //__asm__ volatile ("mv %0, a1" : "=r" (sem));
 726              		.loc 1 153 48 is_stmt 0
 727 02cc 033504FD 		ld	a0,-48(s0)
 728              	.LVL48:
 156:src/riscv.cpp **** 
 729              		.loc 1 156 17 is_stmt 1
 156:src/riscv.cpp **** 
 730              		.loc 1 156 40 is_stmt 0
 731 02d0 97000000 		call	_ZN10SemaphoreC5closeEv@plt
 731      E7800000 
 732              	.LVL49:
 159:src/riscv.cpp ****                 break;
 733              		.loc 1 159 17 is_stmt 1
 159:src/riscv.cpp ****                 break;
 734              		.loc 1 159 69 is_stmt 0
 735              	#APP
 736              	# 159 "src/riscv.cpp" 1
 160:src/riscv.cpp ****                 }
 737              		sd a0, 10*8(fp)
 738              	# 0 "" 2
 739              		.loc 1 160 17 is_stmt 1
 740              	#NO_APP
 741 02dc 6FF05FEE 		j	.L23
 742              	.LVL50:
 743              	.L13:
 744              	.LBE163:
 162:src/riscv.cpp ****                 {
 745              		.loc 1 162 4
 163:src/riscv.cpp **** 				//sem wait
 746              		.loc 1 163 17
 747              	.LBB164:
 165:src/riscv.cpp ****                 //__asm__ volatile ("mv %0, a1" : "=r" (sem));
 748              		.loc 1 165 17
GAS LISTING /tmp/ccY9WPN4.s 			page 26


 165:src/riscv.cpp ****                 //__asm__ volatile ("mv %0, a1" : "=r" (sem));
 749              		.loc 1 165 48 is_stmt 0
 750 02e0 033504FD 		ld	a0,-48(s0)
 751              	.LVL51:
 168:src/riscv.cpp **** 
 752              		.loc 1 168 17 is_stmt 1
 168:src/riscv.cpp **** 
 753              		.loc 1 168 39 is_stmt 0
 754 02e4 97000000 		call	_ZN10SemaphoreC4waitEv@plt
 754      E7800000 
 755              	.LVL52:
 171:src/riscv.cpp ****                 break;
 756              		.loc 1 171 17 is_stmt 1
 171:src/riscv.cpp ****                 break;
 757              		.loc 1 171 69 is_stmt 0
 758              	#APP
 759              	# 171 "src/riscv.cpp" 1
 172:src/riscv.cpp ****                 }
 760              		sd a0, 10*8(fp)
 761              	# 0 "" 2
 762              		.loc 1 172 17 is_stmt 1
 763              	#NO_APP
 764 02f0 6FF01FED 		j	.L23
 765              	.LVL53:
 766              	.L12:
 767              	.LBE164:
 174:src/riscv.cpp ****                 {
 768              		.loc 1 174 4
 175:src/riscv.cpp **** 				//sem signal
 769              		.loc 1 175 17
 770              	.LBB165:
 177:src/riscv.cpp ****                 //__asm__ volatile ("mv %0, a1" : "=r" (sem));
 771              		.loc 1 177 17
 177:src/riscv.cpp ****                 //__asm__ volatile ("mv %0, a1" : "=r" (sem));
 772              		.loc 1 177 48 is_stmt 0
 773 02f4 033504FD 		ld	a0,-48(s0)
 774              	.LVL54:
 180:src/riscv.cpp **** 
 775              		.loc 1 180 17 is_stmt 1
 180:src/riscv.cpp **** 
 776              		.loc 1 180 41 is_stmt 0
 777 02f8 97000000 		call	_ZN10SemaphoreC6signalEv@plt
 777      E7800000 
 778              	.LVL55:
 183:src/riscv.cpp ****                 break;
 779              		.loc 1 183 17 is_stmt 1
 183:src/riscv.cpp ****                 break;
 780              		.loc 1 183 69 is_stmt 0
 781              	#APP
 782              	# 183 "src/riscv.cpp" 1
 184:src/riscv.cpp ****                 }
 783              		sd a0, 10*8(fp)
 784              	# 0 "" 2
 785              		.loc 1 184 17 is_stmt 1
 786              	#NO_APP
 787 0304 6FF0DFEB 		j	.L23
 788              	.LVL56:
GAS LISTING /tmp/ccY9WPN4.s 			page 27


 789              	.L11:
 790              	.LBE165:
 186:src/riscv.cpp ****                 {
 791              		.loc 1 186 4
 187:src/riscv.cpp **** 				//time sleep - sleep the running(calling) thread
 792              		.loc 1 187 17
 793              	.LBB166:
 191:src/riscv.cpp ****                 //__asm__ volatile ("mv a0, %0" : "=r" (retVal));
 794              		.loc 1 191 17
 191:src/riscv.cpp ****                 //__asm__ volatile ("mv a0, %0" : "=r" (retVal));
 795              		.loc 1 191 49 is_stmt 0
 796 0308 033504FD 		ld	a0,-48(s0)
 797 030c 97000000 		call	_ZN7Sleeper10time_sleepEm@plt
 797      E7800000 
 798              	.LVL57:
 193:src/riscv.cpp ****                 break;
 799              		.loc 1 193 17 is_stmt 1
 193:src/riscv.cpp ****                 break;
 800              		.loc 1 193 69 is_stmt 0
 801              	#APP
 802              	# 193 "src/riscv.cpp" 1
 194:src/riscv.cpp ****                 }
 803              		sd a0, 10*8(fp)
 804              	# 0 "" 2
 805              		.loc 1 194 17 is_stmt 1
 806              	#NO_APP
 807 0318 6FF09FEA 		j	.L23
 808              	.LVL58:
 809              	.L10:
 810              	.LBE166:
 196:src/riscv.cpp ****                 {
 811              		.loc 1 196 4
 197:src/riscv.cpp ****  				//getc
 812              		.loc 1 197 17
 813              	.LBB167:
 199:src/riscv.cpp ****                 /*printString("Retval in riscv: ");
 814              		.loc 1 199 17
 199:src/riscv.cpp ****                 /*printString("Retval in riscv: ");
 815              		.loc 1 199 45 is_stmt 0
 816 031c 97000000 		call	_ZN8ConsoleC4getcEv@plt
 816      E7800000 
 817              	.LVL59:
 204:src/riscv.cpp ****                 break;
 818              		.loc 1 204 17 is_stmt 1
 204:src/riscv.cpp ****                 break;
 819              		.loc 1 204 69 is_stmt 0
 820              	#APP
 821              	# 204 "src/riscv.cpp" 1
 205:src/riscv.cpp ****                 }
 822              		sd a0, 10*8(fp)
 823              	# 0 "" 2
 824              		.loc 1 205 17 is_stmt 1
 825              	#NO_APP
 826 0328 6FF09FE9 		j	.L23
 827              	.LVL60:
 828              	.L8:
 829              	.LBE167:
GAS LISTING /tmp/ccY9WPN4.s 			page 28


 207:src/riscv.cpp ****                 {
 830              		.loc 1 207 4
 208:src/riscv.cpp **** 				//putc
 831              		.loc 1 208 17
 212:src/riscv.cpp ****                 break;
 832              		.loc 1 212 17
 212:src/riscv.cpp ****                 break;
 833              		.loc 1 212 31 is_stmt 0
 834 032c 033504FD 		ld	a0,-48(s0)
 835 0330 1375F50F 		andi	a0,a0,0xff
 836 0334 97000000 		call	_ZN8ConsoleC4putcEh@plt
 836      E7800000 
 837              	.LVL61:
 213:src/riscv.cpp ****                 }
 838              		.loc 1 213 17 is_stmt 1
 839 033c 6FF05FE8 		j	.L23
 840              	.LVL62:
 841              	.L7:
 215:src/riscv.cpp ****             {
 842              		.loc 1 215 13
 216:src/riscv.cpp ****                 //thread yield SPECIFICALLY - PROPER INTERRUPT HANDLED IN SOFTVER PREKID SINCE THAT
 843              		.loc 1 216 13
 221:src/riscv.cpp **** 				TCB::dispatch(); //assuming that the last nit also ended here - important to set up edge cases 
 844              		.loc 1 221 17
 221:src/riscv.cpp **** 				TCB::dispatch(); //assuming that the last nit also ended here - important to set up edge cases 
 845              		.loc 1 221 39 is_stmt 0
 846 0340 97070000 		la	a5,_ZN3TCB16timeSliceCounterE
 846      83B70700 
 847 0348 23B00700 		sd	zero,0(a5)
 222:src/riscv.cpp ****                 break;
 848              		.loc 1 222 5 is_stmt 1
 222:src/riscv.cpp ****                 break;
 849              		.loc 1 222 18 is_stmt 0
 850 034c 97000000 		call	_ZN3TCB8dispatchEv@plt
 850      E7800000 
 851              	.LVL63:
 223:src/riscv.cpp ****             }
 852              		.loc 1 223 17 is_stmt 1
 853 0354 6FF0DFE6 		j	.L23
 854              	.LVL64:
 855              	.L40:
 856              	.LBE168:
 857              	.LBE173:
 858              	.LBE174:
 859              	.LBB175:
 860              	.LBB132:
 237:src/riscv.cpp ****        Sleeper::awaken();
 861              		.loc 1 237 8
 862              	.LBB133:
 863              	.LBB134:
 153:src/../h/riscv.h **** }
 864              		.loc 2 153 5
 153:src/../h/riscv.h **** }
 865              		.loc 2 153 64 is_stmt 0
 866 0358 93072000 		li	a5,2
 867              	#APP
 868              	# 153 "src/../h/riscv.h" 1
GAS LISTING /tmp/ccY9WPN4.s 			page 29


 869              		csrc sip, a5
 870              	# 0 "" 2
 871              	.LVL65:
 872              	#NO_APP
 873              	.LBE134:
 874              	.LBE133:
 238:src/riscv.cpp ****        TCB::timeSliceCounter++;
 875              		.loc 1 238 8 is_stmt 1
 238:src/riscv.cpp ****        TCB::timeSliceCounter++;
 876              		.loc 1 238 23 is_stmt 0
 877 0360 97000000 		call	_ZN7Sleeper6awakenEv@plt
 877      E7800000 
 878              	.LVL66:
 239:src/riscv.cpp ****        if(TCB::timeSliceCounter >= TCB::running->getTimeSlice())
 879              		.loc 1 239 8 is_stmt 1
 239:src/riscv.cpp ****        if(TCB::timeSliceCounter >= TCB::running->getTimeSlice())
 880              		.loc 1 239 29 is_stmt 0
 881 0368 17070000 		la	a4,_ZN3TCB16timeSliceCounterE
 881      03370700 
 882 0370 83370700 		ld	a5,0(a4)
 883 0374 93871700 		addi	a5,a5,1
 884 0378 2330F700 		sd	a5,0(a4)
 240:src/riscv.cpp **** 	   {
 885              		.loc 1 240 8 is_stmt 1
 886              	.LBB135:
 240:src/riscv.cpp **** 	   {
 887              		.loc 1 240 62 is_stmt 0
 888 037c 17070000 		la	a4,_ZN3TCB7runningE
 888      03370700 
 889 0384 03370700 		ld	a4,0(a4)
 890              	.LVL67:
 891              	.LBB136:
 892              	.LBB137:
  24:src/../h/tcb.h **** 
 893              		.loc 3 24 35 is_stmt 1
  24:src/../h/tcb.h **** 
 894              		.loc 3 24 42 is_stmt 0
 895 0388 03370703 		ld	a4,48(a4)
 896              	.LVL68:
 897              	.LBE137:
 898              	.LBE136:
 240:src/riscv.cpp **** 	   {
 899              		.loc 1 240 8
 900 038c E3E2E7E4 		bltu	a5,a4,.L5
 901              	.LBB138:
 243:src/riscv.cpp ****             uint64 volatile sstatus = r_sstatus();
 902              		.loc 1 243 13 is_stmt 1
 903              	.LBB139:
 904              	.LBB140:
 112:src/../h/riscv.h ****     __asm__ volatile ("csrr %[sepc], sepc" : [sepc] "=r"(sepc));
 905              		.loc 2 112 5
 113:src/../h/riscv.h ****     return sepc;
 906              		.loc 2 113 5
 113:src/../h/riscv.h ****     return sepc;
 907              		.loc 2 113 64 is_stmt 0
 908              	#APP
 909              	# 113 "src/../h/riscv.h" 1
GAS LISTING /tmp/ccY9WPN4.s 			page 30


 910              		csrr a5, sepc
 911              	# 0 "" 2
 912              	#NO_APP
 913 0394 2334F4FA 		sd	a5,-88(s0)
 114:src/../h/riscv.h **** }
 914              		.loc 2 114 5 is_stmt 1
 114:src/../h/riscv.h **** }
 915              		.loc 2 114 12 is_stmt 0
 916 0398 833784FA 		ld	a5,-88(s0)
 917              	.LBE140:
 918              	.LBE139:
 243:src/riscv.cpp ****             uint64 volatile sstatus = r_sstatus();
 919              		.loc 1 243 43
 920 039c 2334F4F6 		sd	a5,-152(s0)
 244:src/riscv.cpp **** 	        TCB::timeSliceCounter = 0; //reset thread to 0, since new nit hasnt used time yet
 921              		.loc 1 244 13 is_stmt 1
 922              	.LBB141:
 923              	.LBB142:
 180:src/../h/riscv.h ****     __asm__ volatile ("csrr %[sstatus], sstatus" : [sstatus] "=r"(sstatus));
 924              		.loc 2 180 5
 181:src/../h/riscv.h ****     return sstatus;
 925              		.loc 2 181 5
 181:src/../h/riscv.h ****     return sstatus;
 926              		.loc 2 181 76 is_stmt 0
 927              	#APP
 928              	# 181 "src/../h/riscv.h" 1
 929              		csrr a5, sstatus
 930              	# 0 "" 2
 931              	#NO_APP
 932 03a4 2330F4FA 		sd	a5,-96(s0)
 182:src/../h/riscv.h **** }
 933              		.loc 2 182 5 is_stmt 1
 182:src/../h/riscv.h **** }
 934              		.loc 2 182 12 is_stmt 0
 935 03a8 833704FA 		ld	a5,-96(s0)
 936              	.LBE142:
 937              	.LBE141:
 244:src/riscv.cpp **** 	        TCB::timeSliceCounter = 0; //reset thread to 0, since new nit hasnt used time yet
 938              		.loc 1 244 49
 939 03ac 2338F4F6 		sd	a5,-144(s0)
 245:src/riscv.cpp **** 	        TCB::dispatch(); //assuming that the last nit also ended here - important to set up edge c
 940              		.loc 1 245 10 is_stmt 1
 245:src/riscv.cpp **** 	        TCB::dispatch(); //assuming that the last nit also ended here - important to set up edge c
 941              		.loc 1 245 32 is_stmt 0
 942 03b0 97070000 		la	a5,_ZN3TCB16timeSliceCounterE
 942      83B70700 
 943 03b8 23B00700 		sd	zero,0(a5)
 246:src/riscv.cpp **** 	        //everywhere where it should code enters into privilege, check if not in here
 944              		.loc 1 246 10 is_stmt 1
 246:src/riscv.cpp **** 	        //everywhere where it should code enters into privilege, check if not in here
 945              		.loc 1 246 23 is_stmt 0
 946 03bc 97000000 		call	_ZN3TCB8dispatchEv@plt
 946      E7800000 
 947              	.LVL69:
 248:src/riscv.cpp ****             w_sepc(sepc);
 948              		.loc 1 248 13 is_stmt 1
 248:src/riscv.cpp ****             w_sepc(sepc);
GAS LISTING /tmp/ccY9WPN4.s 			page 31


 949              		.loc 1 248 22 is_stmt 0
 950 03c4 833704F7 		ld	a5,-144(s0)
 951              	.LVL70:
 952              	.LBB143:
 953              	.LBB144:
 187:src/../h/riscv.h **** }
 954              		.loc 2 187 5 is_stmt 1
 187:src/../h/riscv.h **** }
 955              		.loc 2 187 77 is_stmt 0
 956              	#APP
 957              	# 187 "src/../h/riscv.h" 1
 958              		csrw sstatus, a5
 959              	# 0 "" 2
 960              	.LVL71:
 961              	#NO_APP
 962              	.LBE144:
 963              	.LBE143:
 249:src/riscv.cpp **** 
 964              		.loc 1 249 13 is_stmt 1
 249:src/riscv.cpp **** 
 965              		.loc 1 249 19 is_stmt 0
 966 03cc 833784F6 		ld	a5,-152(s0)
 967              	.LVL72:
 968              	.LBB145:
 969              	.LBB146:
 119:src/../h/riscv.h **** }
 970              		.loc 2 119 5 is_stmt 1
 119:src/../h/riscv.h **** }
 971              		.loc 2 119 65 is_stmt 0
 972              	#APP
 973              	# 119 "src/../h/riscv.h" 1
 120:src/../h/riscv.h **** 
 974              		csrw sepc, a5
 975              	# 0 "" 2
 976              		.loc 2 120 1
 977              	#NO_APP
 978 03d4 6FF0DFDF 		j	.L5
 979              	.LVL73:
 980              	.L41:
 981              	.LBE146:
 982              	.LBE145:
 983              	.LBE138:
 984              	.LBE135:
 985              	.LBE132:
 986              	.LBB147:
 987              	.LBB108:
 259:src/riscv.cpp ****         uint64 volatile sstatus = r_sstatus();
 988              		.loc 1 259 9 is_stmt 1
 989              	.LBB109:
 990              	.LBB110:
 112:src/../h/riscv.h ****     __asm__ volatile ("csrr %[sepc], sepc" : [sepc] "=r"(sepc));
 991              		.loc 2 112 5
 113:src/../h/riscv.h ****     return sepc;
 992              		.loc 2 113 5
 113:src/../h/riscv.h ****     return sepc;
 993              		.loc 2 113 64 is_stmt 0
 994              	#APP
GAS LISTING /tmp/ccY9WPN4.s 			page 32


 995              	# 113 "src/../h/riscv.h" 1
 996              		csrr a5, sepc
 997              	# 0 "" 2
 998              	#NO_APP
 999 03dc 233CF4FA 		sd	a5,-72(s0)
 114:src/../h/riscv.h **** }
 1000              		.loc 2 114 5 is_stmt 1
 114:src/../h/riscv.h **** }
 1001              		.loc 2 114 12 is_stmt 0
 1002 03e0 833784FB 		ld	a5,-72(s0)
 1003              	.LBE110:
 1004              	.LBE109:
 259:src/riscv.cpp ****         uint64 volatile sstatus = r_sstatus();
 1005              		.loc 1 259 39
 1006 03e4 233CF4F6 		sd	a5,-136(s0)
 260:src/riscv.cpp ****         mc_sip(SIP_SEIP);
 1007              		.loc 1 260 9 is_stmt 1
 1008              	.LBB111:
 1009              	.LBB112:
 180:src/../h/riscv.h ****     __asm__ volatile ("csrr %[sstatus], sstatus" : [sstatus] "=r"(sstatus));
 1010              		.loc 2 180 5
 181:src/../h/riscv.h ****     return sstatus;
 1011              		.loc 2 181 5
 181:src/../h/riscv.h ****     return sstatus;
 1012              		.loc 2 181 76 is_stmt 0
 1013              	#APP
 1014              	# 181 "src/../h/riscv.h" 1
 1015              		csrr a5, sstatus
 1016              	# 0 "" 2
 1017              	#NO_APP
 1018 03ec 2338F4FA 		sd	a5,-80(s0)
 182:src/../h/riscv.h **** }
 1019              		.loc 2 182 5 is_stmt 1
 182:src/../h/riscv.h **** }
 1020              		.loc 2 182 12 is_stmt 0
 1021 03f0 833704FB 		ld	a5,-80(s0)
 1022              	.LBE112:
 1023              	.LBE111:
 260:src/riscv.cpp ****         mc_sip(SIP_SEIP);
 1024              		.loc 1 260 45
 1025 03f4 2330F4F8 		sd	a5,-128(s0)
 261:src/riscv.cpp ****         uint64 reason = plic_claim();
 1026              		.loc 1 261 9 is_stmt 1
 1027              	.LVL74:
 1028              	.LBB113:
 1029              	.LBB114:
 153:src/../h/riscv.h **** }
 1030              		.loc 2 153 5
 153:src/../h/riscv.h **** }
 1031              		.loc 2 153 64 is_stmt 0
 1032 03f8 93070020 		li	a5,512
 1033              	#APP
 1034              	# 153 "src/../h/riscv.h" 1
 1035              		csrc sip, a5
 1036              	# 0 "" 2
 1037              	.LVL75:
 1038              	#NO_APP
GAS LISTING /tmp/ccY9WPN4.s 			page 33


 1039              	.LBE114:
 1040              	.LBE113:
 262:src/riscv.cpp **** 		//printInt(reason);
 1041              		.loc 1 262 9 is_stmt 1
 262:src/riscv.cpp **** 		//printInt(reason);
 1042              		.loc 1 262 35 is_stmt 0
 1043 0400 97000000 		call	plic_claim@plt
 1043      E7800000 
 1044              	.LVL76:
 1045 0408 93040500 		mv	s1,a0
 1046              	.LVL77:
 264:src/riscv.cpp **** 		{
 1047              		.loc 1 264 3 is_stmt 1
 1048              	.LBB115:
 1049 040c 9307A000 		li	a5,10
 1050 0410 6302F502 		beq	a0,a5,.L44
 1051              	.LVL78:
 1052              	.L31:
 1053              	.LBE115:
 280:src/riscv.cpp ****         w_sstatus(sstatus);
 1054              		.loc 1 280 9
 280:src/riscv.cpp ****         w_sstatus(sstatus);
 1055              		.loc 1 280 22 is_stmt 0
 1056 0414 13850400 		mv	a0,s1
 1057 0418 97000000 		call	plic_complete@plt
 1057      E7800000 
 1058              	.LVL79:
 281:src/riscv.cpp ****         w_sepc(sepc);
 1059              		.loc 1 281 9 is_stmt 1
 281:src/riscv.cpp ****         w_sepc(sepc);
 1060              		.loc 1 281 18 is_stmt 0
 1061 0420 833704F8 		ld	a5,-128(s0)
 1062              	.LVL80:
 1063              	.LBB127:
 1064              	.LBB128:
 187:src/../h/riscv.h **** }
 1065              		.loc 2 187 5 is_stmt 1
 187:src/../h/riscv.h **** }
 1066              		.loc 2 187 77 is_stmt 0
 1067              	#APP
 1068              	# 187 "src/../h/riscv.h" 1
 1069              		csrw sstatus, a5
 1070              	# 0 "" 2
 1071              	.LVL81:
 1072              	#NO_APP
 1073              	.LBE128:
 1074              	.LBE127:
 282:src/riscv.cpp ****     }else{ // else unexpected trap - handle
 1075              		.loc 1 282 9 is_stmt 1
 282:src/riscv.cpp ****     }else{ // else unexpected trap - handle
 1076              		.loc 1 282 15 is_stmt 0
 1077 0428 833784F7 		ld	a5,-136(s0)
 1078              	.LVL82:
 1079              	.LBB129:
 1080              	.LBB130:
 119:src/../h/riscv.h **** }
 1081              		.loc 2 119 5 is_stmt 1
GAS LISTING /tmp/ccY9WPN4.s 			page 34


 119:src/../h/riscv.h **** }
 1082              		.loc 2 119 65 is_stmt 0
 1083              	#APP
 1084              	# 119 "src/../h/riscv.h" 1
 120:src/../h/riscv.h **** 
 1085              		csrw sepc, a5
 1086              	# 0 "" 2
 1087              		.loc 2 120 1
 1088              	#NO_APP
 1089 0430 6FF01FDA 		j	.L5
 1090              	.LVL83:
 1091              	.L44:
 1092              	.LBE130:
 1093              	.LBE129:
 1094              	.LBB131:
 1095              	.LBB116:
 267:src/riscv.cpp **** 	        while( ( *((char *)(CONSOLE_STATUS)) & CONSOLE_RX_STATUS_BIT ) && (cntHardware < (DEFAULT_
 1096              		.loc 1 267 17
 1097 0434 13090000 		li	s2,0
 1098 0438 6F00C001 		j	.L34
 1099              	.LVL84:
 1100              	.L33:
 1101              	.LBB117:
 1102              	.LBB118:
 1103              	.LBB119:
 275:src/riscv.cpp **** 	            }
 1104              		.loc 1 275 18 is_stmt 1
 275:src/riscv.cpp **** 	            }
 1105              		.loc 1 275 42 is_stmt 0
 1106 043c 97070000 		la	a5,_ZN8ConsoleC6getSemE
 1106      83B70700 
 1107 0444 03B50700 		ld	a0,0(a5)
 1108 0448 97000000 		call	_ZN10SemaphoreC6signalEv@plt
 1108      E7800000 
 1109              	.LVL85:
 1110              	.L32:
 1111              	.LBE119:
 1112              	.LBE118:
 277:src/riscv.cpp **** 	        }
 1113              		.loc 1 277 5 is_stmt 1
 277:src/riscv.cpp **** 	        }
 1114              		.loc 1 277 17 is_stmt 0
 1115 0450 13091900 		addi	s2,s2,1
 1116              	.LVL86:
 1117              	.L34:
 1118              	.LBE117:
 268:src/riscv.cpp **** 	        {
 1119              		.loc 1 268 10 is_stmt 1
 268:src/riscv.cpp **** 	        {
 1120              		.loc 1 268 73
 268:src/riscv.cpp **** 	        {
 1121              		.loc 1 268 19 is_stmt 0
 1122 0454 97070000 		la	a5,CONSOLE_STATUS
 1122      83B70700 
 1123 045c 83B70700 		ld	a5,0(a5)
 1124 0460 83C70700 		lbu	a5,0(a5)
 268:src/riscv.cpp **** 	        {
GAS LISTING /tmp/ccY9WPN4.s 			page 35


 1125              		.loc 1 268 73
 1126 0464 93F71700 		andi	a5,a5,1
 1127 0468 E38607FA 		beqz	a5,.L31
 268:src/riscv.cpp **** 	        {
 1128              		.loc 1 268 73 discriminator 1
 1129 046c 93077000 		li	a5,7
 1130 0470 E3E227FB 		bgtu	s2,a5,.L31
 1131              	.LBB126:
 270:src/riscv.cpp **** 	            {
 1132              		.loc 1 270 14 is_stmt 1
 1133              	.LBB125:
 270:src/riscv.cpp **** 	            {
 1134              		.loc 1 270 47 is_stmt 0
 1135 0474 97070000 		la	a5,_ZN8ConsoleC11inputBufferE
 1135      83B70700 
 1136 047c 83B70700 		ld	a5,0(a5)
 1137              	.LVL87:
 1138              	.LBB122:
 1139              	.LBB123:
 1140              		.file 4 "src/../h/buffer.h"
   1:src/../h/buffer.h **** //
   2:src/../h/buffer.h **** // Created by os on 9/15/25.
   3:src/../h/buffer.h **** //
   4:src/../h/buffer.h **** 
   5:src/../h/buffer.h **** #ifndef PROJECT_BASE_BUFFER_H
   6:src/../h/buffer.h **** #define PROJECT_BASE_BUFFER_H
   7:src/../h/buffer.h **** 
   8:src/../h/buffer.h **** 
   9:src/../h/buffer.h **** #include "../lib/console.h"
  10:src/../h/buffer.h **** #include "../src/printing.hpp"
  11:src/../h/buffer.h **** #include "MemoryAllocator.h"
  12:src/../h/buffer.h **** 
  13:src/../h/buffer.h **** static const uint64 DEFAULT_BUFFER_SIZE = 16;
  14:src/../h/buffer.h **** 
  15:src/../h/buffer.h **** class Buffer
  16:src/../h/buffer.h **** {
  17:src/../h/buffer.h **** private:
  18:src/../h/buffer.h ****     uint64 counter;
  19:src/../h/buffer.h ****     uint64 cap;
  20:src/../h/buffer.h **** 
  21:src/../h/buffer.h ****     uint64 head;
  22:src/../h/buffer.h ****     uint64 tail;
  23:src/../h/buffer.h ****     char* c_buffer;
  24:src/../h/buffer.h **** 
  25:src/../h/buffer.h **** 
  26:src/../h/buffer.h **** public:
  27:src/../h/buffer.h **** 
  28:src/../h/buffer.h ****     Buffer(uint64 cap) : counter(0), cap(cap), head(0), tail(0),
  29:src/../h/buffer.h ****         c_buffer( (char*) MemoryAllocator::mem_alloc(cap * sizeof(char)))
  30:src/../h/buffer.h ****     {
  31:src/../h/buffer.h **** 
  32:src/../h/buffer.h ****     }
  33:src/../h/buffer.h ****     ~Buffer() { mem_free(c_buffer); }
  34:src/../h/buffer.h **** 
  35:src/../h/buffer.h ****     uchar withdraw()
  36:src/../h/buffer.h ****     {
  37:src/../h/buffer.h ****         counter--;
GAS LISTING /tmp/ccY9WPN4.s 			page 36


  38:src/../h/buffer.h ****         uchar c = c_buffer[tail];
  39:src/../h/buffer.h ****         tail = (tail + 1) % cap;
  40:src/../h/buffer.h ****         return c;
  41:src/../h/buffer.h ****     }
  42:src/../h/buffer.h ****     void deposit(uchar c)
  43:src/../h/buffer.h ****     {
  44:src/../h/buffer.h **** 
  45:src/../h/buffer.h ****         if (counter < cap) {
  46:src/../h/buffer.h ****             c_buffer[head] = c;
  47:src/../h/buffer.h ****             head = (head + 1) % cap;
  48:src/../h/buffer.h ****             counter++;
  49:src/../h/buffer.h ****         }
  50:src/../h/buffer.h ****     }
  51:src/../h/buffer.h **** 
  52:src/../h/buffer.h ****     void* operator new(size_t size)
  53:src/../h/buffer.h ****      {
  54:src/../h/buffer.h ****          return MemoryAllocator::mem_alloc(size);
  55:src/../h/buffer.h ****      }
  56:src/../h/buffer.h ****     void* operator new[](size_t size)
  57:src/../h/buffer.h ****     {
  58:src/../h/buffer.h ****         return MemoryAllocator::mem_alloc(size);
  59:src/../h/buffer.h ****     }
  60:src/../h/buffer.h ****     void operator delete(void* ptr)
  61:src/../h/buffer.h ****     {
  62:src/../h/buffer.h ****         MemoryAllocator::mem_free(ptr);
  63:src/../h/buffer.h ****         return;
  64:src/../h/buffer.h ****     }
  65:src/../h/buffer.h ****     void operator delete[] (void* ptr)
  66:src/../h/buffer.h ****     {
  67:src/../h/buffer.h ****         MemoryAllocator::mem_free(ptr);
  68:src/../h/buffer.h ****         return;
  69:src/../h/buffer.h ****     }
  70:src/../h/buffer.h **** 
  71:src/../h/buffer.h ****     bool isFull() const { return counter == cap; }
 1141              		.loc 4 71 27 is_stmt 1
 1142              		.loc 4 71 34 is_stmt 0
 1143 0480 83B60700 		ld	a3,0(a5)
 1144              		.loc 4 71 45
 1145 0484 03B78700 		ld	a4,8(a5)
 1146              	.LVL88:
 1147              	.LBE123:
 1148              	.LBE122:
 270:src/riscv.cpp **** 	            {
 1149              		.loc 1 270 14
 1150 0488 E384E6FC 		beq	a3,a4,.L32
 1151              	.LBB124:
 272:src/riscv.cpp **** 	                ConsoleC::inputBuffer->deposit( c );
 1152              		.loc 1 272 6 is_stmt 1
 272:src/riscv.cpp **** 	                ConsoleC::inputBuffer->deposit( c );
 1153              		.loc 1 272 16 is_stmt 0
 1154 048c 17060000 		la	a2,CONSOLE_RX_DATA
 1154      03360600 
 1155 0494 03360600 		ld	a2,0(a2)
 272:src/riscv.cpp **** 	                ConsoleC::inputBuffer->deposit( c );
 1156              		.loc 1 272 11
 1157 0498 03460600 		lbu	a2,0(a2)
 1158              	.LVL89:
GAS LISTING /tmp/ccY9WPN4.s 			page 37


 273:src/riscv.cpp **** 	                //send here signal getsem to unblock if it is waiting
 1159              		.loc 1 273 18 is_stmt 1
 1160              	.LBB120:
 1161              	.LBB121:
  45:src/../h/buffer.h ****             c_buffer[head] = c;
 1162              		.loc 4 45 9
 1163 049c E3F0E6FA 		bgeu	a3,a4,.L33
  46:src/../h/buffer.h ****             head = (head + 1) % cap;
 1164              		.loc 4 46 13
 1165 04a0 03B70702 		ld	a4,32(a5)
  46:src/../h/buffer.h ****             head = (head + 1) % cap;
 1166              		.loc 4 46 22 is_stmt 0
 1167 04a4 83B60701 		ld	a3,16(a5)
  46:src/../h/buffer.h ****             head = (head + 1) % cap;
 1168              		.loc 4 46 26
 1169 04a8 3307D700 		add	a4,a4,a3
  46:src/../h/buffer.h ****             head = (head + 1) % cap;
 1170              		.loc 4 46 28
 1171 04ac 2300C700 		sb	a2,0(a4)
  47:src/../h/buffer.h ****             counter++;
 1172              		.loc 4 47 13 is_stmt 1
  47:src/../h/buffer.h ****             counter++;
 1173              		.loc 4 47 21 is_stmt 0
 1174 04b0 03B70701 		ld	a4,16(a5)
  47:src/../h/buffer.h ****             counter++;
 1175              		.loc 4 47 26
 1176 04b4 13071700 		addi	a4,a4,1
  47:src/../h/buffer.h ****             counter++;
 1177              		.loc 4 47 33
 1178 04b8 83B68700 		ld	a3,8(a5)
  47:src/../h/buffer.h ****             counter++;
 1179              		.loc 4 47 31
 1180 04bc 3377D702 		remu	a4,a4,a3
  47:src/../h/buffer.h ****             counter++;
 1181              		.loc 4 47 18
 1182 04c0 23B8E700 		sd	a4,16(a5)
  48:src/../h/buffer.h ****         }
 1183              		.loc 4 48 13 is_stmt 1
 1184 04c4 03B70700 		ld	a4,0(a5)
  48:src/../h/buffer.h ****         }
 1185              		.loc 4 48 20 is_stmt 0
 1186 04c8 13071700 		addi	a4,a4,1
 1187 04cc 23B0E700 		sd	a4,0(a5)
 1188 04d0 6FF0DFF6 		j	.L33
 1189              	.LBE121:
 1190              	.LBE120:
 1191              	.LBE124:
 1192              	.LBE125:
 1193              	.LBE126:
 1194              	.LBE116:
 1195              	.LBE131:
 1196              	.LBE108:
 1197              	.LBE147:
 1198              	.LBE175:
 1199              	.LBE178:
 1200              		.cfi_endproc
 1201              	.LFE85:
GAS LISTING /tmp/ccY9WPN4.s 			page 38


 1203              	.Letext0:
 1204              		.file 5 "src/../h/../lib/hw.h"
 1205              		.file 6 "src/../h/MemoryAllocator.h"
 1206              		.file 7 "src/../h/list.h"
 1207              		.file 8 "src/../h/Semaphore.h"
 1208              		.file 9 "src/../h/console.h"
 1209              		.file 10 "src/../h/sleep_list.h"
 1210              		.file 11 "src/../h/sleeper.h"
 1211              		.file 12 "src/../h/../src/../h/syscall_c.h"
 1212              		.file 13 "src/../h/../src/printing.hpp"
 1213              		.file 14 "src/../h/../lib/console.h"
GAS LISTING /tmp/ccY9WPN4.s 			page 39


DEFINED SYMBOLS
                            *ABS*:0000000000000000 riscv.cpp
     /tmp/ccY9WPN4.s:9      .text:0000000000000000 _ZN5Riscv10popSppSpieEv
     /tmp/ccY9WPN4.s:13     .text:0000000000000000 .L0 
     /tmp/ccY9WPN4.s:14     .text:0000000000000000 .L0 
     /tmp/ccY9WPN4.s:15     .text:0000000000000004 .L0 
     /tmp/ccY9WPN4.s:17     .text:0000000000000008 .L0 
     /tmp/ccY9WPN4.s:19     .text:000000000000000c .L0 
     /tmp/ccY9WPN4.s:24     .text:000000000000000c .L0 
     /tmp/ccY9WPN4.s:25     .text:000000000000000c .L0 
     /tmp/ccY9WPN4.s:26     .text:000000000000000c .L0 
     /tmp/ccY9WPN4.s:33     .text:0000000000000018 .L0 
     /tmp/ccY9WPN4.s:34     .text:0000000000000018 .L0 
     /tmp/ccY9WPN4.s:39     .text:000000000000001c .L0 
     /tmp/ccY9WPN4.s:44     .text:0000000000000020 .L0 
     /tmp/ccY9WPN4.s:45     .text:0000000000000020 .L0 
     /tmp/ccY9WPN4.s:46     .text:0000000000000020 .L0 
     /tmp/ccY9WPN4.s:59     .text:0000000000000028 .L0 
       src/riscv.cpp:18     .text:0000000000000028 .L0 
     /tmp/ccY9WPN4.s:65     .text:000000000000002c .L0 
       src/riscv.cpp:19     .text:000000000000002c .L0 
     /tmp/ccY9WPN4.s:71     .text:0000000000000030 .L0 
     /tmp/ccY9WPN4.s:72     .text:0000000000000034 .L0 
     /tmp/ccY9WPN4.s:73     .text:0000000000000034 .L0 
     /tmp/ccY9WPN4.s:74     .text:0000000000000034 .L0 
     /tmp/ccY9WPN4.s:76     .text:0000000000000038 .L0 
     /tmp/ccY9WPN4.s:79     .text:000000000000003c .L0 
     /tmp/ccY9WPN4.s:86     .text:000000000000003c .L0 
     /tmp/ccY9WPN4.s:87     .text:000000000000003c .L0 
     /tmp/ccY9WPN4.s:88     .text:000000000000003c .L0 
     /tmp/ccY9WPN4.s:95     .text:0000000000000044 .L0 
     /tmp/ccY9WPN4.s:100    .text:0000000000000048 .L0 
     /tmp/ccY9WPN4.s:117    .text:0000000000000048 _ZN5Riscv20handleSupervisorTrapEv
     /tmp/ccY9WPN4.s:120    .text:0000000000000048 .L0 
     /tmp/ccY9WPN4.s:121    .text:0000000000000048 .L0 
     /tmp/ccY9WPN4.s:122    .text:000000000000004c .L0 
     /tmp/ccY9WPN4.s:127    .text:000000000000005c .L0 
     /tmp/ccY9WPN4.s:128    .text:000000000000005c .L0 
     /tmp/ccY9WPN4.s:129    .text:000000000000005c .L0 
     /tmp/ccY9WPN4.s:130    .text:000000000000005c .L0 
     /tmp/ccY9WPN4.s:132    .text:0000000000000060 .L0 
     /tmp/ccY9WPN4.s:134    .text:0000000000000060 .L0 
     /tmp/ccY9WPN4.s:135    .text:0000000000000060 .L0 
       src/riscv.cpp:29     .text:0000000000000060 .L0 
     /tmp/ccY9WPN4.s:145    .text:0000000000000068 .L0 
     /tmp/ccY9WPN4.s:146    .text:0000000000000068 .L0 
     /tmp/ccY9WPN4.s:147    .text:0000000000000068 .L0 
    src/../h/riscv.h:101    .text:0000000000000068 .L0 
     /tmp/ccY9WPN4.s:155    .text:0000000000000070 .L0 
     /tmp/ccY9WPN4.s:156    .text:0000000000000070 .L0 
     /tmp/ccY9WPN4.s:161    .text:0000000000000074 .L0 
     /tmp/ccY9WPN4.s:162    .text:0000000000000074 .L0 
       src/riscv.cpp:32     .text:0000000000000074 .L0 
     /tmp/ccY9WPN4.s:170    .text:000000000000007c .L0 
       src/riscv.cpp:33     .text:000000000000007c .L0 
     /tmp/ccY9WPN4.s:178    .text:0000000000000084 .L0 
       src/riscv.cpp:34     .text:0000000000000084 .L0 
GAS LISTING /tmp/ccY9WPN4.s 			page 40


     /tmp/ccY9WPN4.s:187    .text:000000000000008c .L0 
     /tmp/ccY9WPN4.s:188    .text:000000000000008c .L0 
     /tmp/ccY9WPN4.s:190    .text:0000000000000090 .L0 
     /tmp/ccY9WPN4.s:196    .text:0000000000000098 .L0 
     /tmp/ccY9WPN4.s:206    .text:00000000000000a8 .L0 
     /tmp/ccY9WPN4.s:212    .text:00000000000000b8 .L0 
     /tmp/ccY9WPN4.s:213    .text:00000000000000b8 .L0 
     /tmp/ccY9WPN4.s:219    .text:00000000000000c8 .L0 
     /tmp/ccY9WPN4.s:220    .text:00000000000000c8 .L0 
     /tmp/ccY9WPN4.s:221    .text:00000000000000c8 .L0 
    src/../h/riscv.h:101    .text:00000000000000c8 .L0 
     /tmp/ccY9WPN4.s:229    .text:00000000000000d0 .L0 
     /tmp/ccY9WPN4.s:230    .text:00000000000000d0 .L0 
     /tmp/ccY9WPN4.s:235    .text:00000000000000d4 .L0 
     /tmp/ccY9WPN4.s:236    .text:00000000000000d4 .L0 
     /tmp/ccY9WPN4.s:243    .text:00000000000000e8 .L0 
     /tmp/ccY9WPN4.s:244    .text:00000000000000e8 .L0 
     /tmp/ccY9WPN4.s:250    .text:00000000000000f8 .L0 
     /tmp/ccY9WPN4.s:251    .text:00000000000000f8 .L0 
     /tmp/ccY9WPN4.s:252    .text:00000000000000f8 .L0 
    src/../h/riscv.h:181    .text:00000000000000f8 .L0 
     /tmp/ccY9WPN4.s:260    .text:0000000000000100 .L0 
     /tmp/ccY9WPN4.s:261    .text:0000000000000100 .L0 
     /tmp/ccY9WPN4.s:266    .text:0000000000000104 .L0 
     /tmp/ccY9WPN4.s:267    .text:0000000000000104 .L0 
     /tmp/ccY9WPN4.s:276    .text:0000000000000118 .L0 
     /tmp/ccY9WPN4.s:277    .text:0000000000000118 .L0 
     /tmp/ccY9WPN4.s:278    .text:0000000000000118 .L0 
    src/../h/riscv.h:113    .text:0000000000000118 .L0 
     /tmp/ccY9WPN4.s:286    .text:0000000000000120 .L0 
     /tmp/ccY9WPN4.s:287    .text:0000000000000120 .L0 
     /tmp/ccY9WPN4.s:292    .text:0000000000000124 .L0 
     /tmp/ccY9WPN4.s:293    .text:0000000000000124 .L0 
     /tmp/ccY9WPN4.s:297    .text:0000000000000134 .L0 
     /tmp/ccY9WPN4.s:298    .text:0000000000000134 .L0 
     /tmp/ccY9WPN4.s:304    .text:0000000000000148 .L0 
     /tmp/ccY9WPN4.s:305    .text:0000000000000148 .L0 
     /tmp/ccY9WPN4.s:310    .text:0000000000000154 .L0 
     /tmp/ccY9WPN4.s:311    .text:0000000000000154 .L0 
     /tmp/ccY9WPN4.s:321    .text:0000000000000158 .L0 
     /tmp/ccY9WPN4.s:322    .text:0000000000000158 .L0 
     /tmp/ccY9WPN4.s:323    .text:0000000000000158 .L0 
    src/../h/riscv.h:113    .text:0000000000000158 .L0 
     /tmp/ccY9WPN4.s:331    .text:0000000000000160 .L0 
     /tmp/ccY9WPN4.s:332    .text:0000000000000160 .L0 
     /tmp/ccY9WPN4.s:336    .text:0000000000000164 .L0 
     /tmp/ccY9WPN4.s:338    .text:0000000000000168 .L0 
     /tmp/ccY9WPN4.s:342    .text:000000000000016c .L0 
     /tmp/ccY9WPN4.s:343    .text:000000000000016c .L0 
     /tmp/ccY9WPN4.s:344    .text:000000000000016c .L0 
    src/../h/riscv.h:181    .text:000000000000016c .L0 
     /tmp/ccY9WPN4.s:352    .text:0000000000000174 .L0 
     /tmp/ccY9WPN4.s:353    .text:0000000000000174 .L0 
     /tmp/ccY9WPN4.s:357    .text:0000000000000178 .L0 
     /tmp/ccY9WPN4.s:359    .text:000000000000017c .L0 
     /tmp/ccY9WPN4.s:360    .text:000000000000017c .L0 
     /tmp/ccY9WPN4.s:362    .text:0000000000000180 .L0 
GAS LISTING /tmp/ccY9WPN4.s 			page 41


       src/riscv.cpp:48     .text:0000000000000180 .L0 
     /tmp/ccY9WPN4.s:371    .text:0000000000000188 .L0 
     /tmp/ccY9WPN4.s:372    .text:0000000000000188 .L0 
     /tmp/ccY9WPN4.s:457    .text:00000000000001b0 .L0 
     /tmp/ccY9WPN4.s:459    .text:00000000000001b0 .L0 
     /tmp/ccY9WPN4.s:460    .text:00000000000001b0 .L0 
     /tmp/ccY9WPN4.s:461    .text:00000000000001b0 .L0 
     /tmp/ccY9WPN4.s:465    .text:00000000000001bc .L0 
       src/riscv.cpp:57     .text:00000000000001bc .L0 
     /tmp/ccY9WPN4.s:477    .text:00000000000001c0 .L0 
     /tmp/ccY9WPN4.s:478    .text:00000000000001c0 .L0 
     /tmp/ccY9WPN4.s:479    .text:00000000000001c0 .L0 
     /tmp/ccY9WPN4.s:484    .text:00000000000001c4 .L0 
    src/../h/riscv.h:187    .text:00000000000001c4 .L0 
     /tmp/ccY9WPN4.s:494    .text:00000000000001c8 .L0 
     /tmp/ccY9WPN4.s:495    .text:00000000000001c8 .L0 
     /tmp/ccY9WPN4.s:500    .text:00000000000001cc .L0 
    src/../h/riscv.h:119    .text:00000000000001cc .L0 
     /tmp/ccY9WPN4.s:513    .text:00000000000001d0 .L0 
     /tmp/ccY9WPN4.s:514    .text:00000000000001d4 .L0 
     /tmp/ccY9WPN4.s:515    .text:00000000000001d4 .L0 
     /tmp/ccY9WPN4.s:517    .text:00000000000001d8 .L0 
     /tmp/ccY9WPN4.s:518    .text:00000000000001d8 .L0 
     /tmp/ccY9WPN4.s:520    .text:00000000000001dc .L0 
     /tmp/ccY9WPN4.s:522    .text:00000000000001e0 .L0 
     /tmp/ccY9WPN4.s:524    .text:00000000000001e4 .L0 
     /tmp/ccY9WPN4.s:528    .text:00000000000001e8 .L0 
     /tmp/ccY9WPN4.s:534    .text:00000000000001e8 .L0 
     /tmp/ccY9WPN4.s:536    .text:00000000000001e8 .L0 
     /tmp/ccY9WPN4.s:537    .text:00000000000001e8 .L0 
     /tmp/ccY9WPN4.s:538    .text:00000000000001e8 .L0 
     /tmp/ccY9WPN4.s:542    .text:00000000000001f4 .L0 
       src/riscv.cpp:67     .text:00000000000001f4 .L0 
     /tmp/ccY9WPN4.s:549    .text:00000000000001f8 .L0 
     /tmp/ccY9WPN4.s:554    .text:00000000000001fc .L0 
     /tmp/ccY9WPN4.s:556    .text:00000000000001fc .L0 
     /tmp/ccY9WPN4.s:557    .text:00000000000001fc .L0 
     /tmp/ccY9WPN4.s:558    .text:00000000000001fc .L0 
     /tmp/ccY9WPN4.s:561    .text:0000000000000204 .L0 
       src/riscv.cpp:75     .text:0000000000000204 .L0 
     /tmp/ccY9WPN4.s:568    .text:0000000000000208 .L0 
     /tmp/ccY9WPN4.s:573    .text:000000000000020c .L0 
     /tmp/ccY9WPN4.s:575    .text:000000000000020c .L0 
     /tmp/ccY9WPN4.s:576    .text:000000000000020c .L0 
     /tmp/ccY9WPN4.s:577    .text:000000000000020c .L0 
     /tmp/ccY9WPN4.s:580    .text:0000000000000214 .L0 
       src/riscv.cpp:83     .text:0000000000000214 .L0 
     /tmp/ccY9WPN4.s:587    .text:0000000000000218 .L0 
     /tmp/ccY9WPN4.s:592    .text:000000000000021c .L0 
     /tmp/ccY9WPN4.s:594    .text:000000000000021c .L0 
     /tmp/ccY9WPN4.s:595    .text:000000000000021c .L0 
     /tmp/ccY9WPN4.s:596    .text:000000000000021c .L0 
     /tmp/ccY9WPN4.s:599    .text:0000000000000220 .L0 
     /tmp/ccY9WPN4.s:600    .text:0000000000000220 .L0 
     /tmp/ccY9WPN4.s:602    .text:0000000000000224 .L0 
     /tmp/ccY9WPN4.s:604    .text:0000000000000228 .L0 
     /tmp/ccY9WPN4.s:605    .text:0000000000000228 .L0 
GAS LISTING /tmp/ccY9WPN4.s 			page 42


     /tmp/ccY9WPN4.s:611    .text:000000000000023c .L0 
     /tmp/ccY9WPN4.s:614    .text:0000000000000240 .L0 
     /tmp/ccY9WPN4.s:615    .text:0000000000000240 .L0 
     /tmp/ccY9WPN4.s:616    .text:0000000000000240 .L0 
     /tmp/ccY9WPN4.s:618    .text:0000000000000244 .L0 
     /tmp/ccY9WPN4.s:620    .text:0000000000000248 .L0 
     /tmp/ccY9WPN4.s:624    .text:000000000000024c .L0 
       src/riscv.cpp:113    .text:000000000000024c .L0 
     /tmp/ccY9WPN4.s:631    .text:0000000000000250 .L0 
     /tmp/ccY9WPN4.s:635    .text:0000000000000254 .L0 
     /tmp/ccY9WPN4.s:636    .text:0000000000000254 .L0 
     /tmp/ccY9WPN4.s:641    .text:0000000000000264 .L0 
     /tmp/ccY9WPN4.s:645    .text:000000000000026c .L0 
     /tmp/ccY9WPN4.s:651    .text:0000000000000274 .L0 
     /tmp/ccY9WPN4.s:653    .text:0000000000000274 .L0 
     /tmp/ccY9WPN4.s:654    .text:0000000000000274 .L0 
     /tmp/ccY9WPN4.s:655    .text:0000000000000274 .L0 
     /tmp/ccY9WPN4.s:658    .text:000000000000027c .L0 
       src/riscv.cpp:121    .text:000000000000027c .L0 
     /tmp/ccY9WPN4.s:665    .text:0000000000000280 .L0 
     /tmp/ccY9WPN4.s:670    .text:0000000000000284 .L0 
     /tmp/ccY9WPN4.s:671    .text:0000000000000284 .L0 
     /tmp/ccY9WPN4.s:672    .text:0000000000000284 .L0 
     /tmp/ccY9WPN4.s:673    .text:0000000000000284 .L0 
     /tmp/ccY9WPN4.s:676    .text:0000000000000290 .L0 
     /tmp/ccY9WPN4.s:677    .text:0000000000000290 .L0 
     /tmp/ccY9WPN4.s:680    .text:0000000000000298 .L0 
     /tmp/ccY9WPN4.s:684    .text:000000000000029c .L0 
     /tmp/ccY9WPN4.s:686    .text:000000000000029c .L0 
     /tmp/ccY9WPN4.s:687    .text:000000000000029c .L0 
     /tmp/ccY9WPN4.s:688    .text:000000000000029c .L0 
     /tmp/ccY9WPN4.s:691    .text:00000000000002a0 .L0 
     /tmp/ccY9WPN4.s:692    .text:00000000000002a0 .L0 
     /tmp/ccY9WPN4.s:697    .text:00000000000002b0 .L0 
     /tmp/ccY9WPN4.s:699    .text:00000000000002b4 .L0 
     /tmp/ccY9WPN4.s:700    .text:00000000000002b4 .L0 
     /tmp/ccY9WPN4.s:702    .text:00000000000002b8 .L0 
     /tmp/ccY9WPN4.s:706    .text:00000000000002bc .L0 
       src/riscv.cpp:147    .text:00000000000002bc .L0 
     /tmp/ccY9WPN4.s:713    .text:00000000000002c0 .L0 
     /tmp/ccY9WPN4.s:717    .text:00000000000002c4 .L0 
     /tmp/ccY9WPN4.s:723    .text:00000000000002cc .L0 
     /tmp/ccY9WPN4.s:725    .text:00000000000002cc .L0 
     /tmp/ccY9WPN4.s:726    .text:00000000000002cc .L0 
     /tmp/ccY9WPN4.s:727    .text:00000000000002cc .L0 
     /tmp/ccY9WPN4.s:730    .text:00000000000002d0 .L0 
     /tmp/ccY9WPN4.s:731    .text:00000000000002d0 .L0 
     /tmp/ccY9WPN4.s:734    .text:00000000000002d8 .L0 
       src/riscv.cpp:159    .text:00000000000002d8 .L0 
     /tmp/ccY9WPN4.s:741    .text:00000000000002dc .L0 
     /tmp/ccY9WPN4.s:746    .text:00000000000002e0 .L0 
     /tmp/ccY9WPN4.s:748    .text:00000000000002e0 .L0 
     /tmp/ccY9WPN4.s:749    .text:00000000000002e0 .L0 
     /tmp/ccY9WPN4.s:750    .text:00000000000002e0 .L0 
     /tmp/ccY9WPN4.s:753    .text:00000000000002e4 .L0 
     /tmp/ccY9WPN4.s:754    .text:00000000000002e4 .L0 
     /tmp/ccY9WPN4.s:757    .text:00000000000002ec .L0 
GAS LISTING /tmp/ccY9WPN4.s 			page 43


       src/riscv.cpp:171    .text:00000000000002ec .L0 
     /tmp/ccY9WPN4.s:764    .text:00000000000002f0 .L0 
     /tmp/ccY9WPN4.s:769    .text:00000000000002f4 .L0 
     /tmp/ccY9WPN4.s:771    .text:00000000000002f4 .L0 
     /tmp/ccY9WPN4.s:772    .text:00000000000002f4 .L0 
     /tmp/ccY9WPN4.s:773    .text:00000000000002f4 .L0 
     /tmp/ccY9WPN4.s:776    .text:00000000000002f8 .L0 
     /tmp/ccY9WPN4.s:777    .text:00000000000002f8 .L0 
     /tmp/ccY9WPN4.s:780    .text:0000000000000300 .L0 
       src/riscv.cpp:183    .text:0000000000000300 .L0 
     /tmp/ccY9WPN4.s:787    .text:0000000000000304 .L0 
     /tmp/ccY9WPN4.s:792    .text:0000000000000308 .L0 
     /tmp/ccY9WPN4.s:794    .text:0000000000000308 .L0 
     /tmp/ccY9WPN4.s:795    .text:0000000000000308 .L0 
     /tmp/ccY9WPN4.s:796    .text:0000000000000308 .L0 
     /tmp/ccY9WPN4.s:800    .text:0000000000000314 .L0 
       src/riscv.cpp:193    .text:0000000000000314 .L0 
     /tmp/ccY9WPN4.s:807    .text:0000000000000318 .L0 
     /tmp/ccY9WPN4.s:812    .text:000000000000031c .L0 
     /tmp/ccY9WPN4.s:814    .text:000000000000031c .L0 
     /tmp/ccY9WPN4.s:815    .text:000000000000031c .L0 
     /tmp/ccY9WPN4.s:816    .text:000000000000031c .L0 
     /tmp/ccY9WPN4.s:819    .text:0000000000000324 .L0 
       src/riscv.cpp:204    .text:0000000000000324 .L0 
     /tmp/ccY9WPN4.s:826    .text:0000000000000328 .L0 
     /tmp/ccY9WPN4.s:831    .text:000000000000032c .L0 
     /tmp/ccY9WPN4.s:832    .text:000000000000032c .L0 
     /tmp/ccY9WPN4.s:833    .text:000000000000032c .L0 
     /tmp/ccY9WPN4.s:834    .text:000000000000032c .L0 
     /tmp/ccY9WPN4.s:839    .text:000000000000033c .L0 
     /tmp/ccY9WPN4.s:843    .text:0000000000000340 .L0 
     /tmp/ccY9WPN4.s:844    .text:0000000000000340 .L0 
     /tmp/ccY9WPN4.s:845    .text:0000000000000340 .L0 
     /tmp/ccY9WPN4.s:846    .text:0000000000000340 .L0 
     /tmp/ccY9WPN4.s:849    .text:000000000000034c .L0 
     /tmp/ccY9WPN4.s:850    .text:000000000000034c .L0 
     /tmp/ccY9WPN4.s:853    .text:0000000000000354 .L0 
     /tmp/ccY9WPN4.s:864    .text:0000000000000358 .L0 
     /tmp/ccY9WPN4.s:865    .text:0000000000000358 .L0 
     /tmp/ccY9WPN4.s:866    .text:0000000000000358 .L0 
     /tmp/ccY9WPN4.s:876    .text:0000000000000360 .L0 
     /tmp/ccY9WPN4.s:877    .text:0000000000000360 .L0 
     /tmp/ccY9WPN4.s:880    .text:0000000000000368 .L0 
     /tmp/ccY9WPN4.s:881    .text:0000000000000368 .L0 
     /tmp/ccY9WPN4.s:887    .text:000000000000037c .L0 
     /tmp/ccY9WPN4.s:888    .text:000000000000037c .L0 
     /tmp/ccY9WPN4.s:894    .text:0000000000000388 .L0 
     /tmp/ccY9WPN4.s:895    .text:0000000000000388 .L0 
     /tmp/ccY9WPN4.s:900    .text:000000000000038c .L0 
     /tmp/ccY9WPN4.s:905    .text:0000000000000390 .L0 
     /tmp/ccY9WPN4.s:906    .text:0000000000000390 .L0 
     /tmp/ccY9WPN4.s:907    .text:0000000000000390 .L0 
    src/../h/riscv.h:113    .text:0000000000000390 .L0 
     /tmp/ccY9WPN4.s:915    .text:0000000000000398 .L0 
     /tmp/ccY9WPN4.s:916    .text:0000000000000398 .L0 
     /tmp/ccY9WPN4.s:920    .text:000000000000039c .L0 
     /tmp/ccY9WPN4.s:924    .text:00000000000003a0 .L0 
GAS LISTING /tmp/ccY9WPN4.s 			page 44


     /tmp/ccY9WPN4.s:925    .text:00000000000003a0 .L0 
     /tmp/ccY9WPN4.s:926    .text:00000000000003a0 .L0 
    src/../h/riscv.h:181    .text:00000000000003a0 .L0 
     /tmp/ccY9WPN4.s:934    .text:00000000000003a8 .L0 
     /tmp/ccY9WPN4.s:935    .text:00000000000003a8 .L0 
     /tmp/ccY9WPN4.s:939    .text:00000000000003ac .L0 
     /tmp/ccY9WPN4.s:941    .text:00000000000003b0 .L0 
     /tmp/ccY9WPN4.s:942    .text:00000000000003b0 .L0 
     /tmp/ccY9WPN4.s:945    .text:00000000000003bc .L0 
     /tmp/ccY9WPN4.s:946    .text:00000000000003bc .L0 
     /tmp/ccY9WPN4.s:949    .text:00000000000003c4 .L0 
     /tmp/ccY9WPN4.s:950    .text:00000000000003c4 .L0 
     /tmp/ccY9WPN4.s:955    .text:00000000000003c8 .L0 
    src/../h/riscv.h:187    .text:00000000000003c8 .L0 
     /tmp/ccY9WPN4.s:965    .text:00000000000003cc .L0 
     /tmp/ccY9WPN4.s:966    .text:00000000000003cc .L0 
     /tmp/ccY9WPN4.s:971    .text:00000000000003d0 .L0 
    src/../h/riscv.h:119    .text:00000000000003d0 .L0 
     /tmp/ccY9WPN4.s:978    .text:00000000000003d4 .L0 
     /tmp/ccY9WPN4.s:991    .text:00000000000003d8 .L0 
     /tmp/ccY9WPN4.s:992    .text:00000000000003d8 .L0 
     /tmp/ccY9WPN4.s:993    .text:00000000000003d8 .L0 
    src/../h/riscv.h:113    .text:00000000000003d8 .L0 
     /tmp/ccY9WPN4.s:1001   .text:00000000000003e0 .L0 
     /tmp/ccY9WPN4.s:1002   .text:00000000000003e0 .L0 
     /tmp/ccY9WPN4.s:1006   .text:00000000000003e4 .L0 
     /tmp/ccY9WPN4.s:1010   .text:00000000000003e8 .L0 
     /tmp/ccY9WPN4.s:1011   .text:00000000000003e8 .L0 
     /tmp/ccY9WPN4.s:1012   .text:00000000000003e8 .L0 
    src/../h/riscv.h:181    .text:00000000000003e8 .L0 
     /tmp/ccY9WPN4.s:1020   .text:00000000000003f0 .L0 
     /tmp/ccY9WPN4.s:1021   .text:00000000000003f0 .L0 
     /tmp/ccY9WPN4.s:1025   .text:00000000000003f4 .L0 
     /tmp/ccY9WPN4.s:1030   .text:00000000000003f8 .L0 
     /tmp/ccY9WPN4.s:1031   .text:00000000000003f8 .L0 
     /tmp/ccY9WPN4.s:1032   .text:00000000000003f8 .L0 
     /tmp/ccY9WPN4.s:1042   .text:0000000000000400 .L0 
     /tmp/ccY9WPN4.s:1043   .text:0000000000000400 .L0 
     /tmp/ccY9WPN4.s:1049   .text:000000000000040c .L0 
     /tmp/ccY9WPN4.s:1055   .text:0000000000000414 .L0 
     /tmp/ccY9WPN4.s:1056   .text:0000000000000414 .L0 
     /tmp/ccY9WPN4.s:1060   .text:0000000000000420 .L0 
     /tmp/ccY9WPN4.s:1061   .text:0000000000000420 .L0 
     /tmp/ccY9WPN4.s:1066   .text:0000000000000424 .L0 
    src/../h/riscv.h:187    .text:0000000000000424 .L0 
     /tmp/ccY9WPN4.s:1076   .text:0000000000000428 .L0 
     /tmp/ccY9WPN4.s:1077   .text:0000000000000428 .L0 
     /tmp/ccY9WPN4.s:1082   .text:000000000000042c .L0 
    src/../h/riscv.h:119    .text:000000000000042c .L0 
     /tmp/ccY9WPN4.s:1089   .text:0000000000000430 .L0 
     /tmp/ccY9WPN4.s:1097   .text:0000000000000434 .L0 
     /tmp/ccY9WPN4.s:1105   .text:000000000000043c .L0 
     /tmp/ccY9WPN4.s:1106   .text:000000000000043c .L0 
     /tmp/ccY9WPN4.s:1114   .text:0000000000000450 .L0 
     /tmp/ccY9WPN4.s:1115   .text:0000000000000450 .L0 
     /tmp/ccY9WPN4.s:1120   .text:0000000000000454 .L0 
     /tmp/ccY9WPN4.s:1121   .text:0000000000000454 .L0 
GAS LISTING /tmp/ccY9WPN4.s 			page 45


     /tmp/ccY9WPN4.s:1122   .text:0000000000000454 .L0 
     /tmp/ccY9WPN4.s:1126   .text:0000000000000464 .L0 
     /tmp/ccY9WPN4.s:1129   .text:000000000000046c .L0 
     /tmp/ccY9WPN4.s:1134   .text:0000000000000474 .L0 
     /tmp/ccY9WPN4.s:1135   .text:0000000000000474 .L0 
     /tmp/ccY9WPN4.s:1142   .text:0000000000000480 .L0 
     /tmp/ccY9WPN4.s:1143   .text:0000000000000480 .L0 
     /tmp/ccY9WPN4.s:1145   .text:0000000000000484 .L0 
     /tmp/ccY9WPN4.s:1150   .text:0000000000000488 .L0 
     /tmp/ccY9WPN4.s:1153   .text:000000000000048c .L0 
     /tmp/ccY9WPN4.s:1154   .text:000000000000048c .L0 
     /tmp/ccY9WPN4.s:1157   .text:0000000000000498 .L0 
     /tmp/ccY9WPN4.s:1162   .text:000000000000049c .L0 
     /tmp/ccY9WPN4.s:1163   .text:000000000000049c .L0 
     /tmp/ccY9WPN4.s:1165   .text:00000000000004a0 .L0 
     /tmp/ccY9WPN4.s:1167   .text:00000000000004a4 .L0 
     /tmp/ccY9WPN4.s:1169   .text:00000000000004a8 .L0 
     /tmp/ccY9WPN4.s:1171   .text:00000000000004ac .L0 
     /tmp/ccY9WPN4.s:1173   .text:00000000000004b0 .L0 
     /tmp/ccY9WPN4.s:1174   .text:00000000000004b0 .L0 
     /tmp/ccY9WPN4.s:1176   .text:00000000000004b4 .L0 
     /tmp/ccY9WPN4.s:1178   .text:00000000000004b8 .L0 
     /tmp/ccY9WPN4.s:1180   .text:00000000000004bc .L0 
     /tmp/ccY9WPN4.s:1182   .text:00000000000004c0 .L0 
     /tmp/ccY9WPN4.s:1184   .text:00000000000004c4 .L0 
     /tmp/ccY9WPN4.s:1186   .text:00000000000004c8 .L0 
     /tmp/ccY9WPN4.s:1200   .text:00000000000004d4 .L0 
     /tmp/ccY9WPN4.s:1214   .text:00000000000004d4 .L0 
     /tmp/ccY9WPN4.s:26     .text:000000000000000c .L0 
     /tmp/ccY9WPN4.s:105    .rodata.str1.8:0000000000000000 .LC0
     /tmp/ccY9WPN4.s:213    .text:00000000000000b8 .L0 
     /tmp/ccY9WPN4.s:108    .rodata.str1.8:0000000000000010 .LC1
     /tmp/ccY9WPN4.s:244    .text:00000000000000e8 .L0 
     /tmp/ccY9WPN4.s:111    .rodata.str1.8:0000000000000020 .LC2
     /tmp/ccY9WPN4.s:293    .text:0000000000000124 .L0 
     /tmp/ccY9WPN4.s:385    .rodata:0000000000000000 .L9
     /tmp/ccY9WPN4.s:377    .text:0000000000000198 .L0 
     /tmp/ccY9WPN4.s:673    .text:0000000000000284 .L0 
     /tmp/ccY9WPN4.s:846    .text:0000000000000340 .L0 
     /tmp/ccY9WPN4.s:881    .text:0000000000000368 .L0 
     /tmp/ccY9WPN4.s:888    .text:000000000000037c .L0 
     /tmp/ccY9WPN4.s:942    .text:00000000000003b0 .L0 
     /tmp/ccY9WPN4.s:1106   .text:000000000000043c .L0 
     /tmp/ccY9WPN4.s:1122   .text:0000000000000454 .L0 
     /tmp/ccY9WPN4.s:1135   .text:0000000000000474 .L0 
     /tmp/ccY9WPN4.s:1154   .text:000000000000048c .L0 
     /tmp/ccY9WPN4.s:78     .text:000000000000003c .L2
     /tmp/ccY9WPN4.s:53     .text:0000000000000028 .L3
     /tmp/ccY9WPN4.s:313    .text:0000000000000158 .L39
     /tmp/ccY9WPN4.s:855    .text:0000000000000358 .L40
     /tmp/ccY9WPN4.s:980    .text:00000000000003d8 .L41
     /tmp/ccY9WPN4.s:308    .text:0000000000000154 .L35
     /tmp/ccY9WPN4.s:841    .text:0000000000000340 .L7
     /tmp/ccY9WPN4.s:473    .text:00000000000001c0 .L23
     /tmp/ccY9WPN4.s:633    .text:0000000000000254 .L24
     /tmp/ccY9WPN4.s:643    .text:000000000000026c .L42
     /tmp/ccY9WPN4.s:612    .text:0000000000000240 .L25
GAS LISTING /tmp/ccY9WPN4.s 			page 46


     /tmp/ccY9WPN4.s:621    .text:000000000000024c .L26
     /tmp/ccY9WPN4.s:715    .text:00000000000002c4 .L43
     /tmp/ccY9WPN4.s:703    .text:00000000000002bc .L27
     /tmp/ccY9WPN4.s:507    .text:00000000000001d0 .L5
     /tmp/ccY9WPN4.s:1091   .text:0000000000000434 .L44
     /tmp/ccY9WPN4.s:1117   .text:0000000000000454 .L34
     /tmp/ccY9WPN4.s:1052   .text:0000000000000414 .L31
     /tmp/ccY9WPN4.s:1110   .text:0000000000000450 .L32
     /tmp/ccY9WPN4.s:1100   .text:000000000000043c .L33
     /tmp/ccY9WPN4.s:454    .text:00000000000001b0 .L22
     /tmp/ccY9WPN4.s:527    .text:00000000000001e8 .L21
     /tmp/ccY9WPN4.s:551    .text:00000000000001fc .L20
     /tmp/ccY9WPN4.s:570    .text:000000000000020c .L19
     /tmp/ccY9WPN4.s:589    .text:000000000000021c .L18
     /tmp/ccY9WPN4.s:648    .text:0000000000000274 .L17
     /tmp/ccY9WPN4.s:667    .text:0000000000000284 .L16
     /tmp/ccY9WPN4.s:682    .text:000000000000029c .L15
     /tmp/ccY9WPN4.s:720    .text:00000000000002cc .L14
     /tmp/ccY9WPN4.s:743    .text:00000000000002e0 .L13
     /tmp/ccY9WPN4.s:766    .text:00000000000002f4 .L12
     /tmp/ccY9WPN4.s:789    .text:0000000000000308 .L11
     /tmp/ccY9WPN4.s:809    .text:000000000000031c .L10
     /tmp/ccY9WPN4.s:828    .text:000000000000032c .L8
     /tmp/ccY9WPN4.s:3982   .debug_abbrev:0000000000000000 .Ldebug_abbrev0
     /tmp/ccY9WPN4.s:6006   .debug_str:0000000000000bb5 .LASF255
     /tmp/ccY9WPN4.s:6090   .debug_str:0000000000000eea .LASF256
     /tmp/ccY9WPN4.s:5738   .debug_str:000000000000040c .LASF257
     /tmp/ccY9WPN4.s:5      .text:0000000000000000 .Ltext0
     /tmp/ccY9WPN4.s:1203   .text:00000000000004d4 .Letext0
     /tmp/ccY9WPN4.s:5602   .debug_line:0000000000000000 .Ldebug_line0
     /tmp/ccY9WPN4.s:5758   .debug_str:00000000000004c0 .LASF0
     /tmp/ccY9WPN4.s:5792   .debug_str:00000000000005cb .LASF1
     /tmp/ccY9WPN4.s:5880   .debug_str:0000000000000874 .LASF3
     /tmp/ccY9WPN4.s:5920   .debug_str:000000000000096d .LASF2
     /tmp/ccY9WPN4.s:5934   .debug_str:00000000000009e0 .LASF4
     /tmp/ccY9WPN4.s:5774   .debug_str:0000000000000522 .LASF5
     /tmp/ccY9WPN4.s:5622   .debug_str:00000000000000ab .LASF6
     /tmp/ccY9WPN4.s:5884   .debug_str:0000000000000881 .LASF7
     /tmp/ccY9WPN4.s:5868   .debug_str:000000000000081d .LASF8
     /tmp/ccY9WPN4.s:5782   .debug_str:000000000000057c .LASF9
     /tmp/ccY9WPN4.s:5736   .debug_str:00000000000003fc .LASF10
     /tmp/ccY9WPN4.s:5746   .debug_str:000000000000045e .LASF11
     /tmp/ccY9WPN4.s:5674   .debug_str:0000000000000224 .LASF12
     /tmp/ccY9WPN4.s:5730   .debug_str:00000000000003dc .LASF13
     /tmp/ccY9WPN4.s:5694   .debug_str:00000000000002c6 .LASF14
     /tmp/ccY9WPN4.s:5672   .debug_str:0000000000000214 .LASF15
     /tmp/ccY9WPN4.s:5982   .debug_str:0000000000000b27 .LASF16
     /tmp/ccY9WPN4.s:5714   .debug_str:0000000000000349 .LASF17
     /tmp/ccY9WPN4.s:5964   .debug_str:0000000000000aab .LASF18
     /tmp/ccY9WPN4.s:5852   .debug_str:00000000000007b1 .LASF51
     /tmp/ccY9WPN4.s:5676   .debug_str:0000000000000233 .LASF19
     /tmp/ccY9WPN4.s:5640   .debug_str:0000000000000120 .LASF20
     /tmp/ccY9WPN4.s:5790   .debug_str:00000000000005c6 .LASF21
     /tmp/ccY9WPN4.s:5864   .debug_str:0000000000000801 .LASF32
     /tmp/ccY9WPN4.s:5832   .debug_str:0000000000000721 .LASF22
     /tmp/ccY9WPN4.s:5626   .debug_str:00000000000000bd .LASF24
     /tmp/ccY9WPN4.s:5990   .debug_str:0000000000000b59 .LASF23
GAS LISTING /tmp/ccY9WPN4.s 			page 47


     /tmp/ccY9WPN4.s:5834   .debug_str:000000000000072b .LASF25
     /tmp/ccY9WPN4.s:5664   .debug_str:00000000000001d9 .LASF67
     /tmp/ccY9WPN4.s:5706   .debug_str:0000000000000312 .LASF69
     /tmp/ccY9WPN4.s:5840   .debug_str:000000000000076c .LASF26
     /tmp/ccY9WPN4.s:5902   .debug_str:00000000000008f3 .LASF28
     /tmp/ccY9WPN4.s:5786   .debug_str:00000000000005a2 .LASF27
     /tmp/ccY9WPN4.s:6080   .debug_str:0000000000000e74 .LASF29
     /tmp/ccY9WPN4.s:6000   .debug_str:0000000000000b92 .LASF30
     /tmp/ccY9WPN4.s:5634   .debug_str:0000000000000105 .LASF31
     /tmp/ccY9WPN4.s:6066   .debug_str:0000000000000e19 .LASF33
     /tmp/ccY9WPN4.s:6046   .debug_str:0000000000000d77 .LASF209
     /tmp/ccY9WPN4.s:5974   .debug_str:0000000000000afa .LASF34
     /tmp/ccY9WPN4.s:5846   .debug_str:000000000000079e .LASF35
     /tmp/ccY9WPN4.s:5916   .debug_str:000000000000095d .LASF36
     /tmp/ccY9WPN4.s:5966   .debug_str:0000000000000ac1 .LASF37
     /tmp/ccY9WPN4.s:5726   .debug_str:00000000000003ae .LASF43
     /tmp/ccY9WPN4.s:5924   .debug_str:0000000000000988 .LASF220
     /tmp/ccY9WPN4.s:5910   .debug_str:0000000000000935 .LASF221
     /tmp/ccY9WPN4.s:5788   .debug_str:00000000000005bd .LASF38
     /tmp/ccY9WPN4.s:5660   .debug_str:00000000000001a7 .LASF39
     /tmp/ccY9WPN4.s:5810   .debug_str:0000000000000671 .LASF40
     /tmp/ccY9WPN4.s:5716   .debug_str:000000000000035f .LASF41
     /tmp/ccY9WPN4.s:5866   .debug_str:0000000000000811 .LASF42
     /tmp/ccY9WPN4.s:6068   .debug_str:0000000000000e23 .LASF44
     /tmp/ccY9WPN4.s:6122   .debug_str:0000000000000fde .LASF45
     /tmp/ccY9WPN4.s:6104   .debug_str:0000000000000f5d .LASF46
     /tmp/ccY9WPN4.s:5954   .debug_str:0000000000000a77 .LASF47
     /tmp/ccY9WPN4.s:5780   .debug_str:000000000000055f .LASF48
     /tmp/ccY9WPN4.s:5904   .debug_str:000000000000091e .LASF49
     /tmp/ccY9WPN4.s:5614   .debug_str:0000000000000053 .LASF50
     /tmp/ccY9WPN4.s:5682   .debug_str:0000000000000255 .LASF52
     /tmp/ccY9WPN4.s:5936   .debug_str:00000000000009e7 .LASF53
     /tmp/ccY9WPN4.s:5618   .debug_str:0000000000000095 .LASF54
     /tmp/ccY9WPN4.s:5992   .debug_str:0000000000000b62 .LASF55
     /tmp/ccY9WPN4.s:5842   .debug_str:000000000000077f .LASF56
     /tmp/ccY9WPN4.s:5652   .debug_str:000000000000015f .LASF57
     /tmp/ccY9WPN4.s:6032   .debug_str:0000000000000d22 .LASF58
     /tmp/ccY9WPN4.s:5800   .debug_str:000000000000061a .LASF59
     /tmp/ccY9WPN4.s:6052   .debug_str:0000000000000d91 .LASF60
     /tmp/ccY9WPN4.s:6086   .debug_str:0000000000000ed8 .LASF61
     /tmp/ccY9WPN4.s:5662   .debug_str:00000000000001c4 .LASF62
     /tmp/ccY9WPN4.s:6102   .debug_str:0000000000000f51 .LASF63
     /tmp/ccY9WPN4.s:5984   .debug_str:0000000000000b33 .LASF64
     /tmp/ccY9WPN4.s:5750   .debug_str:000000000000047e .LASF65
     /tmp/ccY9WPN4.s:5970   .debug_str:0000000000000adb .LASF66
     /tmp/ccY9WPN4.s:5796   .debug_str:00000000000005f9 .LASF68
     /tmp/ccY9WPN4.s:6014   .debug_str:0000000000000cbc .LASF70
     /tmp/ccY9WPN4.s:6002   .debug_str:0000000000000ba0 .LASF258
     /tmp/ccY9WPN4.s:5980   .debug_str:0000000000000b1a .LASF71
     /tmp/ccY9WPN4.s:6054   .debug_str:0000000000000daa .LASF72
     /tmp/ccY9WPN4.s:5862   .debug_str:00000000000007fc .LASF259
     /tmp/ccY9WPN4.s:6082   .debug_str:0000000000000ea7 .LASF73
     /tmp/ccY9WPN4.s:5820   .debug_str:00000000000006bd .LASF74
     /tmp/ccY9WPN4.s:5728   .debug_str:00000000000003c5 .LASF75
     /tmp/ccY9WPN4.s:6112   .debug_str:0000000000000fb1 .LASF76
     /tmp/ccY9WPN4.s:5740   .debug_str:000000000000042a .LASF77
     /tmp/ccY9WPN4.s:5822   .debug_str:00000000000006c9 .LASF78
GAS LISTING /tmp/ccY9WPN4.s 			page 48


     /tmp/ccY9WPN4.s:5734   .debug_str:00000000000003f0 .LASF79
     /tmp/ccY9WPN4.s:5610   .debug_str:000000000000002f .LASF80
     /tmp/ccY9WPN4.s:5816   .debug_str:000000000000069c .LASF82
     /tmp/ccY9WPN4.s:5962   .debug_str:0000000000000a98 .LASF81
     /tmp/ccY9WPN4.s:5922   .debug_str:000000000000097b .LASF83
     /tmp/ccY9WPN4.s:5806   .debug_str:000000000000065d .LASF84
     /tmp/ccY9WPN4.s:5826   .debug_str:00000000000006de .LASF85
     /tmp/ccY9WPN4.s:5890   .debug_str:000000000000089e .LASF86
     /tmp/ccY9WPN4.s:6106   .debug_str:0000000000000f78 .LASF87
     /tmp/ccY9WPN4.s:5608   .debug_str:000000000000002a .LASF88
     /tmp/ccY9WPN4.s:5956   .debug_str:0000000000000a82 .LASF89
     /tmp/ccY9WPN4.s:5986   .debug_str:0000000000000b4b .LASF90
     /tmp/ccY9WPN4.s:6028   .debug_str:0000000000000d05 .LASF91
     /tmp/ccY9WPN4.s:5988   .debug_str:0000000000000b50 .LASF92
     /tmp/ccY9WPN4.s:6024   .debug_str:0000000000000cf6 .LASF93
     /tmp/ccY9WPN4.s:6018   .debug_str:0000000000000cd7 .LASF94
     /tmp/ccY9WPN4.s:6110   .debug_str:0000000000000fa7 .LASF95
     /tmp/ccY9WPN4.s:5944   .debug_str:0000000000000a1a .LASF96
     /tmp/ccY9WPN4.s:5708   .debug_str:0000000000000335 .LASF97
     /tmp/ccY9WPN4.s:5684   .debug_str:000000000000025d .LASF99
     /tmp/ccY9WPN4.s:5698   .debug_str:00000000000002de .LASF213
     /tmp/ccY9WPN4.s:5616   .debug_str:000000000000006d .LASF214
     /tmp/ccY9WPN4.s:5658   .debug_str:0000000000000199 .LASF98
     /tmp/ccY9WPN4.s:5802   .debug_str:0000000000000627 .LASF100
     /tmp/ccY9WPN4.s:5906   .debug_str:0000000000000927 .LASF101
     /tmp/ccY9WPN4.s:6072   .debug_str:0000000000000e48 .LASF102
     /tmp/ccY9WPN4.s:5692   .debug_str:00000000000002bb .LASF106
     /tmp/ccY9WPN4.s:5776   .debug_str:0000000000000534 .LASF103
     /tmp/ccY9WPN4.s:5718   .debug_str:000000000000037b .LASF104
     /tmp/ccY9WPN4.s:6092   .debug_str:0000000000000ef8 .LASF105
     /tmp/ccY9WPN4.s:6056   .debug_str:0000000000000dca .LASF107
     /tmp/ccY9WPN4.s:5722   .debug_str:0000000000000399 .LASF108
     /tmp/ccY9WPN4.s:6004   .debug_str:0000000000000ba8 .LASF109
     /tmp/ccY9WPN4.s:5704   .debug_str:0000000000000306 .LASF110
     /tmp/ccY9WPN4.s:5888   .debug_str:0000000000000890 .LASF111
     /tmp/ccY9WPN4.s:5688   .debug_str:0000000000000285 .LASF112
     /tmp/ccY9WPN4.s:5752   .debug_str:000000000000048b .LASF113
     /tmp/ccY9WPN4.s:5756   .debug_str:00000000000004a8 .LASF114
     /tmp/ccY9WPN4.s:6044   .debug_str:0000000000000d6e .LASF115
     /tmp/ccY9WPN4.s:6030   .debug_str:0000000000000d0d .LASF116
     /tmp/ccY9WPN4.s:6116   .debug_str:0000000000000fc6 .LASF117
     /tmp/ccY9WPN4.s:5856   .debug_str:00000000000007d0 .LASF118
     /tmp/ccY9WPN4.s:5892   .debug_str:00000000000008b3 .LASF119
     /tmp/ccY9WPN4.s:5898   .debug_str:00000000000008db .LASF120
     /tmp/ccY9WPN4.s:5850   .debug_str:00000000000007aa .LASF121
     /tmp/ccY9WPN4.s:5784   .debug_str:000000000000058f .LASF122
     /tmp/ccY9WPN4.s:6088   .debug_str:0000000000000ee2 .LASF123
     /tmp/ccY9WPN4.s:5978   .debug_str:0000000000000b06 .LASF124
     /tmp/ccY9WPN4.s:5844   .debug_str:0000000000000796 .LASF125
     /tmp/ccY9WPN4.s:5854   .debug_str:00000000000007bc .LASF126
     /tmp/ccY9WPN4.s:5808   .debug_str:0000000000000669 .LASF127
     /tmp/ccY9WPN4.s:5772   .debug_str:000000000000050e .LASF128
     /tmp/ccY9WPN4.s:6118   .debug_str:0000000000000fcf .LASF129
     /tmp/ccY9WPN4.s:5766   .debug_str:00000000000004ed .LASF130
     /tmp/ccY9WPN4.s:5976   .debug_str:0000000000000aff .LASF131
     /tmp/ccY9WPN4.s:5940   .debug_str:0000000000000a00 .LASF132
     /tmp/ccY9WPN4.s:5942   .debug_str:0000000000000a13 .LASF133
GAS LISTING /tmp/ccY9WPN4.s 			page 49


     /tmp/ccY9WPN4.s:5680   .debug_str:0000000000000242 .LASF134
     /tmp/ccY9WPN4.s:5712   .debug_str:0000000000000343 .LASF135
     /tmp/ccY9WPN4.s:5754   .debug_str:0000000000000496 .LASF136
     /tmp/ccY9WPN4.s:5764   .debug_str:00000000000004e7 .LASF137
     /tmp/ccY9WPN4.s:5748   .debug_str:000000000000046c .LASF138
     /tmp/ccY9WPN4.s:5624   .debug_str:00000000000000b2 .LASF139
     /tmp/ccY9WPN4.s:5926   .debug_str:0000000000000992 .LASF140
     /tmp/ccY9WPN4.s:5918   .debug_str:0000000000000962 .LASF141
     /tmp/ccY9WPN4.s:6108   .debug_str:0000000000000f8f .LASF142
     /tmp/ccY9WPN4.s:6076   .debug_str:0000000000000e53 .LASF143
     /tmp/ccY9WPN4.s:6096   .debug_str:0000000000000f10 .LASF144
     /tmp/ccY9WPN4.s:5678   .debug_str:0000000000000238 .LASF145
     /tmp/ccY9WPN4.s:5830   .debug_str:000000000000070b .LASF146
     /tmp/ccY9WPN4.s:6084   .debug_str:0000000000000ec9 .LASF147
     /tmp/ccY9WPN4.s:5744   .debug_str:0000000000000442 .LASF148
     /tmp/ccY9WPN4.s:5876   .debug_str:0000000000000851 .LASF149
     /tmp/ccY9WPN4.s:5778   .debug_str:000000000000053d .LASF150
     /tmp/ccY9WPN4.s:5928   .debug_str:00000000000009aa .LASF151
     /tmp/ccY9WPN4.s:5908   .debug_str:000000000000092c .LASF152
     /tmp/ccY9WPN4.s:5690   .debug_str:00000000000002a0 .LASF153
     /tmp/ccY9WPN4.s:5952   .debug_str:0000000000000a6b .LASF154
     /tmp/ccY9WPN4.s:6010   .debug_str:0000000000000c8e .LASF155
     /tmp/ccY9WPN4.s:5710   .debug_str:000000000000033e .LASF156
     /tmp/ccY9WPN4.s:6078   .debug_str:0000000000000e5d .LASF157
     /tmp/ccY9WPN4.s:5994   .debug_str:0000000000000b6d .LASF158
     /tmp/ccY9WPN4.s:5996   .debug_str:0000000000000b74 .LASF159
     /tmp/ccY9WPN4.s:6060   .debug_str:0000000000000de1 .LASF160
     /tmp/ccY9WPN4.s:5794   .debug_str:00000000000005de .LASF161
     /tmp/ccY9WPN4.s:5668   .debug_str:00000000000001ef .LASF162
     /tmp/ccY9WPN4.s:6064   .debug_str:0000000000000dfd .LASF163
     /tmp/ccY9WPN4.s:5632   .debug_str:00000000000000ff .LASF164
     /tmp/ccY9WPN4.s:5814   .debug_str:0000000000000684 .LASF165
     /tmp/ccY9WPN4.s:5630   .debug_str:00000000000000eb .LASF166
     /tmp/ccY9WPN4.s:5612   .debug_str:000000000000003f .LASF167
     /tmp/ccY9WPN4.s:5686   .debug_str:0000000000000270 .LASF168
     /tmp/ccY9WPN4.s:6008   .debug_str:0000000000000c79 .LASF169
     /tmp/ccY9WPN4.s:6062   .debug_str:0000000000000de9 .LASF170
     /tmp/ccY9WPN4.s:6070   .debug_str:0000000000000e41 .LASF171
     /tmp/ccY9WPN4.s:5886   .debug_str:0000000000000888 .LASF172
     /tmp/ccY9WPN4.s:5818   .debug_str:00000000000006a9 .LASF173
     /tmp/ccY9WPN4.s:5848   .debug_str:00000000000007a3 .LASF174
     /tmp/ccY9WPN4.s:6020   .debug_str:0000000000000ce1 .LASF175
     /tmp/ccY9WPN4.s:6050   .debug_str:0000000000000d88 .LASF176
     /tmp/ccY9WPN4.s:6094   .debug_str:0000000000000f01 .LASF177
     /tmp/ccY9WPN4.s:6058   .debug_str:0000000000000dd9 .LASF178
     /tmp/ccY9WPN4.s:6040   .debug_str:0000000000000d48 .LASF179
     /tmp/ccY9WPN4.s:5724   .debug_str:00000000000003a5 .LASF180
     /tmp/ccY9WPN4.s:5644   .debug_str:000000000000012a .LASF181
     /tmp/ccY9WPN4.s:6114   .debug_str:0000000000000fbe .LASF182
     /tmp/ccY9WPN4.s:5896   .debug_str:00000000000008c6 .LASF183
     /tmp/ccY9WPN4.s:5656   .debug_str:000000000000018a .LASF184
     /tmp/ccY9WPN4.s:5646   .debug_str:0000000000000140 .LASF185
     /tmp/ccY9WPN4.s:5606   .debug_str:000000000000001a .LASF186
     /tmp/ccY9WPN4.s:5858   .debug_str:00000000000007e5 .LASF187
     /tmp/ccY9WPN4.s:5968   .debug_str:0000000000000ad4 .LASF188
     /tmp/ccY9WPN4.s:5720   .debug_str:0000000000000384 .LASF189
     /tmp/ccY9WPN4.s:5768   .debug_str:0000000000000501 .LASF190
GAS LISTING /tmp/ccY9WPN4.s 			page 50


     /tmp/ccY9WPN4.s:5828   .debug_str:00000000000006f5 .LASF191
     /tmp/ccY9WPN4.s:5998   .debug_str:0000000000000b8d .LASF192
     /tmp/ccY9WPN4.s:5958   .debug_str:0000000000000a88 .LASF193
     /tmp/ccY9WPN4.s:5860   .debug_str:00000000000007f5 .LASF194
     /tmp/ccY9WPN4.s:5838   .debug_str:0000000000000765 .LASF195
     /tmp/ccY9WPN4.s:5620   .debug_str:00000000000000a1 .LASF196
     /tmp/ccY9WPN4.s:5914   .debug_str:0000000000000957 .LASF197
     /tmp/ccY9WPN4.s:6048   .debug_str:0000000000000d7c .LASF198
     /tmp/ccY9WPN4.s:5628   .debug_str:00000000000000de .LASF199
     /tmp/ccY9WPN4.s:5762   .debug_str:00000000000004e2 .LASF200
     /tmp/ccY9WPN4.s:6100   .debug_str:0000000000000f3d .LASF201
     /tmp/ccY9WPN4.s:5824   .debug_str:00000000000006d9 .LASF202
     /tmp/ccY9WPN4.s:5930   .debug_str:00000000000009b5 .LASF203
     /tmp/ccY9WPN4.s:6022   .debug_str:0000000000000ce9 .LASF204
     /tmp/ccY9WPN4.s:5804   .debug_str:0000000000000640 .LASF205
     /tmp/ccY9WPN4.s:5648   .debug_str:000000000000014f .LASF206
     /tmp/ccY9WPN4.s:6042   .debug_str:0000000000000d57 .LASF207
     /tmp/ccY9WPN4.s:5666   .debug_str:00000000000001e4 .LASF208
     /tmp/ccY9WPN4.s:6026   .debug_str:0000000000000d00 .LASF210
     /tmp/ccY9WPN4.s:5874   .debug_str:000000000000084c .LASF211
     /tmp/ccY9WPN4.s:5836   .debug_str:000000000000074c .LASF212
     /tmp/ccY9WPN4.s:5604   .debug_str:0000000000000000 .LASF215
     /tmp/ccY9WPN4.s:5948   .debug_str:0000000000000a37 .LASF216
     /tmp/ccY9WPN4.s:5770   .debug_str:0000000000000509 .LASF217
     /tmp/ccY9WPN4.s:5938   .debug_str:00000000000009ec .LASF218
     /tmp/ccY9WPN4.s:5932   .debug_str:00000000000009c9 .LASF219
     /tmp/ccY9WPN4.s:6098   .debug_str:0000000000000f26 .LASF222
     /tmp/ccY9WPN4.s:5798   .debug_str:00000000000005ff .LASF223
     /tmp/ccY9WPN4.s:5654   .debug_str:000000000000016b .LASF224
     /tmp/ccY9WPN4.s:5670   .debug_str:00000000000001f8 .LASF225
     /tmp/ccY9WPN4.s:5696   .debug_str:00000000000002d6 .LASF226
     /tmp/ccY9WPN4.s:5638   .debug_str:000000000000011a .LASF227
     /tmp/ccY9WPN4.s:5912   .debug_str:000000000000094c .LASF228
     /tmp/ccY9WPN4.s:6012   .debug_str:0000000000000ca2 .LASF229
     /tmp/ccY9WPN4.s:5636   .debug_str:0000000000000113 .LASF230
     /tmp/ccY9WPN4.s:5760   .debug_str:00000000000004cd .LASF231
     /tmp/ccY9WPN4.s:118    .text:0000000000000048 .LFB85
     /tmp/ccY9WPN4.s:1201   .text:00000000000004d4 .LFE85
     /tmp/ccY9WPN4.s:5900   .debug_str:00000000000008ee .LASF232
     /tmp/ccY9WPN4.s:5972   .debug_str:0000000000000af3 .LASF233
     /tmp/ccY9WPN4.s:5173   .debug_loc:0000000000000000 .LLST2
     /tmp/ccY9WPN4.s:6034   .debug_str:0000000000000d39 .LASF234
     /tmp/ccY9WPN4.s:6036   .debug_str:0000000000000d3e .LASF235
     /tmp/ccY9WPN4.s:6038   .debug_str:0000000000000d43 .LASF236
     /tmp/ccY9WPN4.s:5582   .debug_ranges:0000000000000000 .Ldebug_ranges0
     /tmp/ccY9WPN4.s:6074   .debug_str:0000000000000e4e .LASF237
     /tmp/ccY9WPN4.s:5650   .debug_str:0000000000000157 .LASF238
     /tmp/ccY9WPN4.s:6120   .debug_str:0000000000000fd7 .LASF239
     /tmp/ccY9WPN4.s:458    .text:00000000000001b0 .LBB156
     /tmp/ccY9WPN4.s:474    .text:00000000000001c0 .LBE156
     /tmp/ccY9WPN4.s:5288   .debug_loc:00000000000001ac .LLST18
     /tmp/ccY9WPN4.s:463    .text:00000000000001bc .LVL20
     /tmp/ccY9WPN4.s:535    .text:00000000000001e8 .LBB157
     /tmp/ccY9WPN4.s:552    .text:00000000000001fc .LBE157
     /tmp/ccY9WPN4.s:5946   .debug_str:0000000000000a2b .LASF240
     /tmp/ccY9WPN4.s:5295   .debug_loc:00000000000001cf .LLST19
     /tmp/ccY9WPN4.s:540    .text:00000000000001f4 .LVL27
GAS LISTING /tmp/ccY9WPN4.s 			page 51


     /tmp/ccY9WPN4.s:555    .text:00000000000001fc .LBB158
     /tmp/ccY9WPN4.s:571    .text:000000000000020c .LBE158
     /tmp/ccY9WPN4.s:6016   .debug_str:0000000000000ccc .LASF241
     /tmp/ccY9WPN4.s:5302   .debug_loc:00000000000001f2 .LLST20
     /tmp/ccY9WPN4.s:559    .text:0000000000000204 .LVL29
     /tmp/ccY9WPN4.s:574    .text:000000000000020c .LBB159
     /tmp/ccY9WPN4.s:590    .text:000000000000021c .LBE159
     /tmp/ccY9WPN4.s:5702   .debug_str:00000000000002f3 .LASF242
     /tmp/ccY9WPN4.s:5309   .debug_loc:0000000000000215 .LLST21
     /tmp/ccY9WPN4.s:578    .text:0000000000000214 .LVL31
     /tmp/ccY9WPN4.s:593    .text:000000000000021c .LBB160
     /tmp/ccY9WPN4.s:649    .text:0000000000000274 .LBE160
     /tmp/ccY9WPN4.s:5316   .debug_loc:0000000000000238 .LLST22
     /tmp/ccY9WPN4.s:5882   .debug_str:000000000000087a .LASF243
     /tmp/ccY9WPN4.s:5323   .debug_loc:000000000000025b .LLST23
     /tmp/ccY9WPN4.s:609    .text:000000000000023c .LVL34
     /tmp/ccY9WPN4.s:639    .text:0000000000000264 .LVL37
     /tmp/ccY9WPN4.s:652    .text:0000000000000274 .LBB161
     /tmp/ccY9WPN4.s:668    .text:0000000000000284 .LBE161
     /tmp/ccY9WPN4.s:5330   .debug_loc:000000000000027e .LLST24
     /tmp/ccY9WPN4.s:656    .text:000000000000027c .LVL39
     /tmp/ccY9WPN4.s:685    .text:000000000000029c .LBB162
     /tmp/ccY9WPN4.s:721    .text:00000000000002cc .LBE162
     /tmp/ccY9WPN4.s:5337   .debug_loc:00000000000002a1 .LLST25
     /tmp/ccY9WPN4.s:5344   .debug_loc:00000000000002c4 .LLST26
     /tmp/ccY9WPN4.s:695    .text:00000000000002b0 .LVL44
     /tmp/ccY9WPN4.s:724    .text:00000000000002cc .LBB163
     /tmp/ccY9WPN4.s:744    .text:00000000000002e0 .LBE163
     /tmp/ccY9WPN4.s:5351   .debug_loc:00000000000002e7 .LLST27
     /tmp/ccY9WPN4.s:5358   .debug_loc:000000000000030a .LLST28
     /tmp/ccY9WPN4.s:732    .text:00000000000002d8 .LVL49
     /tmp/ccY9WPN4.s:747    .text:00000000000002e0 .LBB164
     /tmp/ccY9WPN4.s:767    .text:00000000000002f4 .LBE164
     /tmp/ccY9WPN4.s:5365   .debug_loc:000000000000032d .LLST29
     /tmp/ccY9WPN4.s:5372   .debug_loc:0000000000000350 .LLST30
     /tmp/ccY9WPN4.s:755    .text:00000000000002ec .LVL52
     /tmp/ccY9WPN4.s:770    .text:00000000000002f4 .LBB165
     /tmp/ccY9WPN4.s:790    .text:0000000000000308 .LBE165
     /tmp/ccY9WPN4.s:5379   .debug_loc:0000000000000373 .LLST31
     /tmp/ccY9WPN4.s:5386   .debug_loc:0000000000000396 .LLST32
     /tmp/ccY9WPN4.s:778    .text:0000000000000300 .LVL55
     /tmp/ccY9WPN4.s:793    .text:0000000000000308 .LBB166
     /tmp/ccY9WPN4.s:810    .text:000000000000031c .LBE166
     /tmp/ccY9WPN4.s:5393   .debug_loc:00000000000003b9 .LLST33
     /tmp/ccY9WPN4.s:798    .text:0000000000000314 .LVL57
     /tmp/ccY9WPN4.s:813    .text:000000000000031c .LBB167
     /tmp/ccY9WPN4.s:829    .text:000000000000032c .LBE167
     /tmp/ccY9WPN4.s:5400   .debug_loc:00000000000003dc .LLST34
     /tmp/ccY9WPN4.s:817    .text:0000000000000324 .LVL59
     /tmp/ccY9WPN4.s:319    .text:0000000000000158 .LBB150
     /tmp/ccY9WPN4.s:334    .text:0000000000000164 .LBE150
     /tmp/ccY9WPN4.s:340    .text:000000000000016c .LBB152
     /tmp/ccY9WPN4.s:355    .text:0000000000000178 .LBE152
     /tmp/ccY9WPN4.s:481    .text:00000000000001c4 .LBB169
     /tmp/ccY9WPN4.s:492    .text:00000000000001c8 .LBE169
     /tmp/ccY9WPN4.s:5407   .debug_loc:00000000000003ff .LLST35
     /tmp/ccY9WPN4.s:497    .text:00000000000001cc .LBB171
GAS LISTING /tmp/ccY9WPN4.s 			page 52


     /tmp/ccY9WPN4.s:509    .text:00000000000001d0 .LBE171
     /tmp/ccY9WPN4.s:5414   .debug_loc:0000000000000422 .LLST36
     /tmp/ccY9WPN4.s:678    .text:0000000000000298 .LVL41
     /tmp/ccY9WPN4.s:837    .text:000000000000033c .LVL61
     /tmp/ccY9WPN4.s:851    .text:0000000000000354 .LVL63
     /tmp/ccY9WPN4.s:901    .text:0000000000000390 .LBB138
     /tmp/ccY9WPN4.s:983    .text:00000000000003d8 .LBE138
     /tmp/ccY9WPN4.s:903    .text:0000000000000390 .LBB139
     /tmp/ccY9WPN4.s:918    .text:000000000000039c .LBE139
     /tmp/ccY9WPN4.s:922    .text:00000000000003a0 .LBB141
     /tmp/ccY9WPN4.s:937    .text:00000000000003ac .LBE141
     /tmp/ccY9WPN4.s:952    .text:00000000000003c8 .LBB143
     /tmp/ccY9WPN4.s:963    .text:00000000000003cc .LBE143
     /tmp/ccY9WPN4.s:5421   .debug_loc:0000000000000445 .LLST16
     /tmp/ccY9WPN4.s:968    .text:00000000000003d0 .LBB145
     /tmp/ccY9WPN4.s:982    .text:00000000000003d8 .LBE145
     /tmp/ccY9WPN4.s:5428   .debug_loc:0000000000000468 .LLST17
     /tmp/ccY9WPN4.s:947    .text:00000000000003c4 .LVL69
     /tmp/ccY9WPN4.s:987    .text:00000000000003d8 .LBB108
     /tmp/ccY9WPN4.s:1196   .text:00000000000004d4 .LBE108
     /tmp/ccY9WPN4.s:5960   .debug_str:0000000000000a91 .LASF244
     /tmp/ccY9WPN4.s:5435   .debug_loc:000000000000048b .LLST6
     /tmp/ccY9WPN4.s:1095   .text:0000000000000434 .LBB116
     /tmp/ccY9WPN4.s:1194   .text:00000000000004d4 .LBE116
     /tmp/ccY9WPN4.s:5894   .debug_str:00000000000008ba .LASF245
     /tmp/ccY9WPN4.s:5462   .debug_loc:00000000000004d1 .LLST8
     /tmp/ccY9WPN4.s:1160   .text:000000000000049c .LBB120
     /tmp/ccY9WPN4.s:1190   .text:00000000000004d4 .LBE120
     /tmp/ccY9WPN4.s:5473   .debug_loc:0000000000000507 .LLST9
     /tmp/ccY9WPN4.s:5480   .debug_loc:000000000000052a .LLST10
     /tmp/ccY9WPN4.s:1109   .text:0000000000000450 .LVL85
     /tmp/ccY9WPN4.s:1138   .text:0000000000000480 .LBB122
     /tmp/ccY9WPN4.s:1148   .text:0000000000000488 .LBE122
     /tmp/ccY9WPN4.s:5487   .debug_loc:000000000000054d .LLST11
     /tmp/ccY9WPN4.s:989    .text:00000000000003d8 .LBB109
     /tmp/ccY9WPN4.s:1004   .text:00000000000003e4 .LBE109
     /tmp/ccY9WPN4.s:1008   .text:00000000000003e8 .LBB111
     /tmp/ccY9WPN4.s:1023   .text:00000000000003f4 .LBE111
     /tmp/ccY9WPN4.s:1028   .text:00000000000003f8 .LBB113
     /tmp/ccY9WPN4.s:1040   .text:0000000000000400 .LBE113
     /tmp/ccY9WPN4.s:5494   .debug_loc:0000000000000570 .LLST7
     /tmp/ccY9WPN4.s:1063   .text:0000000000000424 .LBB127
     /tmp/ccY9WPN4.s:1074   .text:0000000000000428 .LBE127
     /tmp/ccY9WPN4.s:5503   .debug_loc:0000000000000596 .LLST12
     /tmp/ccY9WPN4.s:1079   .text:000000000000042c .LBB129
     /tmp/ccY9WPN4.s:1093   .text:0000000000000434 .LBE129
     /tmp/ccY9WPN4.s:5510   .debug_loc:00000000000005b9 .LLST13
     /tmp/ccY9WPN4.s:1044   .text:0000000000000408 .LVL76
     /tmp/ccY9WPN4.s:1058   .text:0000000000000420 .LVL79
     /tmp/ccY9WPN4.s:210    .text:00000000000000b8 .LBB101
     /tmp/ccY9WPN4.s:314    .text:0000000000000158 .LBE101
     /tmp/ccY9WPN4.s:5517   .debug_loc:00000000000005dc .LLST3
     /tmp/ccY9WPN4.s:5524   .debug_loc:00000000000005ff .LLST4
     /tmp/ccY9WPN4.s:5531   .debug_loc:0000000000000622 .LLST5
     /tmp/ccY9WPN4.s:217    .text:00000000000000c8 .LBB102
     /tmp/ccY9WPN4.s:233    .text:00000000000000d4 .LBE102
     /tmp/ccY9WPN4.s:248    .text:00000000000000f8 .LBB104
GAS LISTING /tmp/ccY9WPN4.s 			page 53


     /tmp/ccY9WPN4.s:264    .text:0000000000000104 .LBE104
     /tmp/ccY9WPN4.s:274    .text:0000000000000118 .LBB106
     /tmp/ccY9WPN4.s:290    .text:0000000000000124 .LBE106
     /tmp/ccY9WPN4.s:215    .text:00000000000000c8 .LVL6
     /tmp/ccY9WPN4.s:241    .text:00000000000000e8 .LVL9
     /tmp/ccY9WPN4.s:246    .text:00000000000000f8 .LVL10
     /tmp/ccY9WPN4.s:272    .text:0000000000000118 .LVL13
     /tmp/ccY9WPN4.s:295    .text:0000000000000134 .LVL15
     /tmp/ccY9WPN4.s:302    .text:0000000000000148 .LVL16
     /tmp/ccY9WPN4.s:307    .text:0000000000000154 .LVL17
     /tmp/ccY9WPN4.s:143    .text:0000000000000068 .LBB96
     /tmp/ccY9WPN4.s:159    .text:0000000000000074 .LBE96
     /tmp/ccY9WPN4.s:862    .text:0000000000000358 .LBB133
     /tmp/ccY9WPN4.s:874    .text:0000000000000360 .LBE133
     /tmp/ccY9WPN4.s:5538   .debug_loc:0000000000000645 .LLST14
     /tmp/ccY9WPN4.s:891    .text:0000000000000388 .LBB136
     /tmp/ccY9WPN4.s:898    .text:000000000000038c .LBE136
     /tmp/ccY9WPN4.s:5546   .debug_loc:0000000000000669 .LLST15
     /tmp/ccY9WPN4.s:878    .text:0000000000000368 .LVL66
     /tmp/ccY9WPN4.s:10     .text:0000000000000000 .LFB84
     /tmp/ccY9WPN4.s:101    .text:0000000000000048 .LFE84
     /tmp/ccY9WPN4.s:21     .text:000000000000000c .LBB86
     /tmp/ccY9WPN4.s:29     .text:0000000000000018 .LBB88
     /tmp/ccY9WPN4.s:37     .text:000000000000001c .LBE88
     /tmp/ccY9WPN4.s:5553   .debug_loc:000000000000068c .LLST0
     /tmp/ccY9WPN4.s:42     .text:0000000000000020 .LBB90
     /tmp/ccY9WPN4.s:55     .text:0000000000000028 .LBE90
     /tmp/ccY9WPN4.s:5560   .debug_loc:00000000000006af .LLST1
     /tmp/ccY9WPN4.s:84     .text:000000000000003c .LBB92
     /tmp/ccY9WPN4.s:97     .text:0000000000000048 .LBE92
     /tmp/ccY9WPN4.s:5732   .debug_str:00000000000003eb .LASF246
     /tmp/ccY9WPN4.s:5642   .debug_str:0000000000000125 .LASF247
     /tmp/ccY9WPN4.s:5812   .debug_str:0000000000000679 .LASF248
     /tmp/ccY9WPN4.s:5878   .debug_str:0000000000000866 .LASF249
     /tmp/ccY9WPN4.s:5872   .debug_str:0000000000000839 .LASF250
     /tmp/ccY9WPN4.s:5742   .debug_str:0000000000000436 .LASF251
     /tmp/ccY9WPN4.s:5950   .debug_str:0000000000000a5c .LASF252
     /tmp/ccY9WPN4.s:5870   .debug_str:0000000000000830 .LASF253
     /tmp/ccY9WPN4.s:5700   .debug_str:00000000000002ec .LASF254
     /tmp/ccY9WPN4.s:157    .text:0000000000000074 .LVL5
     /tmp/ccY9WPN4.s:312    .text:0000000000000158 .LVL18
     /tmp/ccY9WPN4.s:374    .text:0000000000000190 .LVL19
     /tmp/ccY9WPN4.s:526    .text:00000000000001e8 .LVL26
     /tmp/ccY9WPN4.s:550    .text:00000000000001fc .LVL28
     /tmp/ccY9WPN4.s:569    .text:000000000000020c .LVL30
     /tmp/ccY9WPN4.s:588    .text:000000000000021c .LVL32
     /tmp/ccY9WPN4.s:632    .text:0000000000000254 .LVL36
     /tmp/ccY9WPN4.s:647    .text:0000000000000274 .LVL38
     /tmp/ccY9WPN4.s:666    .text:0000000000000284 .LVL40
     /tmp/ccY9WPN4.s:681    .text:000000000000029c .LVL42
     /tmp/ccY9WPN4.s:719    .text:00000000000002cc .LVL47
     /tmp/ccY9WPN4.s:742    .text:00000000000002e0 .LVL50
     /tmp/ccY9WPN4.s:765    .text:00000000000002f4 .LVL53
     /tmp/ccY9WPN4.s:788    .text:0000000000000308 .LVL56
     /tmp/ccY9WPN4.s:808    .text:000000000000031c .LVL58
     /tmp/ccY9WPN4.s:827    .text:000000000000032c .LVL60
     /tmp/ccY9WPN4.s:840    .text:0000000000000340 .LVL62
GAS LISTING /tmp/ccY9WPN4.s 			page 54


     /tmp/ccY9WPN4.s:854    .text:0000000000000358 .LVL64
     /tmp/ccY9WPN4.s:979    .text:00000000000003d8 .LVL73
     /tmp/ccY9WPN4.s:471    .text:00000000000001c0 .LVL21
     /tmp/ccY9WPN4.s:597    .text:0000000000000220 .LVL33
     /tmp/ccY9WPN4.s:622    .text:000000000000024c .LVL35
     /tmp/ccY9WPN4.s:689    .text:00000000000002a0 .LVL43
     /tmp/ccY9WPN4.s:704    .text:00000000000002bc .LVL45
     /tmp/ccY9WPN4.s:714    .text:00000000000002c4 .LVL46
     /tmp/ccY9WPN4.s:728    .text:00000000000002d0 .LVL48
     /tmp/ccY9WPN4.s:751    .text:00000000000002e4 .LVL51
     /tmp/ccY9WPN4.s:774    .text:00000000000002f8 .LVL54
     /tmp/ccY9WPN4.s:480    .text:00000000000001c4 .LVL22
     /tmp/ccY9WPN4.s:489    .text:00000000000001c8 .LVL23
     /tmp/ccY9WPN4.s:496    .text:00000000000001cc .LVL24
     /tmp/ccY9WPN4.s:505    .text:00000000000001d0 .LVL25
     /tmp/ccY9WPN4.s:951    .text:00000000000003c8 .LVL70
     /tmp/ccY9WPN4.s:960    .text:00000000000003cc .LVL71
     /tmp/ccY9WPN4.s:967    .text:00000000000003d0 .LVL72
     /tmp/ccY9WPN4.s:1046   .text:000000000000040c .LVL77
     /tmp/ccY9WPN4.s:1051   .text:0000000000000414 .LVL78
     /tmp/ccY9WPN4.s:1090   .text:0000000000000434 .LVL83
     /tmp/ccY9WPN4.s:1099   .text:000000000000043c .LVL84
     /tmp/ccY9WPN4.s:1158   .text:000000000000049c .LVL89
     /tmp/ccY9WPN4.s:1137   .text:0000000000000480 .LVL87
     /tmp/ccY9WPN4.s:1146   .text:0000000000000488 .LVL88
     /tmp/ccY9WPN4.s:1027   .text:00000000000003f8 .LVL74
     /tmp/ccY9WPN4.s:1037   .text:0000000000000400 .LVL75
     /tmp/ccY9WPN4.s:1062   .text:0000000000000424 .LVL80
     /tmp/ccY9WPN4.s:1071   .text:0000000000000428 .LVL81
     /tmp/ccY9WPN4.s:1078   .text:000000000000042c .LVL82
     /tmp/ccY9WPN4.s:231    .text:00000000000000d4 .LVL7
     /tmp/ccY9WPN4.s:239    .text:00000000000000e0 .LVL8
     /tmp/ccY9WPN4.s:262    .text:0000000000000104 .LVL11
     /tmp/ccY9WPN4.s:270    .text:0000000000000110 .LVL12
     /tmp/ccY9WPN4.s:288    .text:0000000000000124 .LVL14
     /tmp/ccY9WPN4.s:871    .text:0000000000000360 .LVL65
     /tmp/ccY9WPN4.s:890    .text:0000000000000388 .LVL67
     /tmp/ccY9WPN4.s:896    .text:000000000000038c .LVL68
     /tmp/ccY9WPN4.s:28     .text:0000000000000018 .LVL0
     /tmp/ccY9WPN4.s:35     .text:000000000000001c .LVL1
     /tmp/ccY9WPN4.s:41     .text:0000000000000020 .LVL2
     /tmp/ccY9WPN4.s:51     .text:0000000000000028 .LVL3
     /tmp/ccY9WPN4.s:1215   .debug_info:0000000000000000 .Ldebug_info0
     /tmp/ccY9WPN4.s:57     .text:0000000000000028 .LBE86
     /tmp/ccY9WPN4.s:80     .text:000000000000003c .LBB95
     /tmp/ccY9WPN4.s:99     .text:0000000000000048 .LBE95
     /tmp/ccY9WPN4.s:1103   .text:000000000000043c .LBB119
     /tmp/ccY9WPN4.s:1111   .text:0000000000000450 .LBE119
     /tmp/ccY9WPN4.s:1151   .text:000000000000048c .LBB124
     /tmp/ccY9WPN4.s:1191   .text:00000000000004d4 .LBE124
     /tmp/ccY9WPN4.s:317    .text:0000000000000158 .LBB149
     /tmp/ccY9WPN4.s:510    .text:00000000000001d0 .LBE149
     /tmp/ccY9WPN4.s:530    .text:00000000000001e8 .LBB174
     /tmp/ccY9WPN4.s:858    .text:0000000000000358 .LBE174

UNDEFINED SYMBOLS
_ZN3TCB7runningE
GAS LISTING /tmp/ccY9WPN4.s 			page 55


_Z11printStringPKc
_Z8printIntiii
__putc
_ZN15MemoryAllocator9mem_allocEm
_ZN15MemoryAllocator8mem_freeEPv
_ZN15MemoryAllocator18mem_get_free_spaceEv
_ZN15MemoryAllocator26mem_get_largest_free_blockEv
_ZN3TCB12createThreadEPFvPvES0_Pm
_ZN3TCB12createThreadEPFvPvES0_
_ZN3TCB11thread_exitEv
_ZN3TCB16timeSliceCounterE
_ZN3TCB8dispatchEv
_ZN10SemaphoreC8sem_openEi
_ZN10SemaphoreC5closeEv
_ZN10SemaphoreC4waitEv
_ZN10SemaphoreC6signalEv
_ZN7Sleeper10time_sleepEm
_ZN8ConsoleC4getcEv
_ZN8ConsoleC4putcEh
_ZN7Sleeper6awakenEv
plic_claim
plic_complete
_ZN8ConsoleC6getSemE
CONSOLE_STATUS
_ZN8ConsoleC11inputBufferE
CONSOLE_RX_DATA
